favorite_count,source,text,in_reply_to_screen_name,is_retweet,created_at,retweet_count,id_str,Sentiment
1,Sprout Social,"The deadline to return and postmark your completed absentee ballot is only 5 days away on Monday, June 4! If you ha… https://t.co/6LYtH1a7TR",,FALSE,Wed May 30 13:59:01 +0000 2018,0,1.00183E+18,neg
8,Sprout Social,"There’s still time to get out, vote, and make your voice heard! Polls close in 2 hours at 7PM. Find your polling lo… https://t.co/PALkC6LFRu",,FALSE,Tue Jun 05 22:00:37 +0000 2018,2,1.00412E+18,neg
10,Sprout Social,Have you voted yet? There’s only 5 hours left to vote until the polls close at 7PM. Get out and vote before it’s to… https://t.co/Fj364sBPql,,FALSE,Tue Jun 05 19:00:12 +0000 2018,1,1.00408E+18,neg
3,Sprout Social,"We’re kicking off our grassroots campaign effort this Saturday, April 7 at our campaign headquarters in Montgomery.… https://t.co/tumjkq0E2C",,FALSE,Wed Apr 04 17:28:40 +0000 2018,0,9.81584E+17,neg
1,Sprout Social,"I’ve led a conservative fight to clean up Montgomery, and I’ve banned lobbyists from appointments by the Executive… https://t.co/zmPFhSXwqF",,FALSE,Wed Mar 28 18:00:39 +0000 2018,0,9.79056E+17,neg
8,Sprout Social,"Governor Ivey is traveling across Alabama on a statewide tour on Monday, June 4. We hope to see you at one of the s… https://t.co/lNljGN6zVQ",,FALSE,Sat Jun 02 18:33:00 +0000 2018,4,1.00298E+18,neg
4,Sprout Social,We are 11 days away until Primary Day and we need your help to cross the finish line with a win! Please click below… https://t.co/S2sr5DWstG,,FALSE,Fri May 25 17:08:45 +0000 2018,2,1.00006E+18,neg
15,Sprout Social,"BREAKING: Alabama is winning! Unemployment rate is down to 3.5%, its lowest rate in recorded history! *RT* to help… https://t.co/pi84ADiFh6",,FALSE,Wed Jan 17 15:45:21 +0000 2018,14,9.53654E+17,neg
11,Sprout Social,What an honor to join Amazon today at the groundbreaking ceremony in Bessemer. Working with world class companies a… https://t.co/B8P3VjmwtX,,FALSE,Tue Oct 02 20:30:14 +0000 2018,4,1.04722E+18,neg
4,Twitter Web Client,"We have an important election in November, and I need your help because the liberals are going to try to win this s… https://t.co/9q82Y6FCnb",,FALSE,Tue Jun 12 16:53:29 +0000 2018,2,1.00658E+18,neg
26,Sprout Social,I’m a tough-as-nails straight shooter who is cutting through political correctness and corruption. There’s nothing… https://t.co/LaNwFaktPc,,FALSE,Wed May 09 19:45:23 +0000 2018,12,9.94302E+17,neg
12,Sprout Social,We can’t change or erase our history - and we shouldn't tear it down either. That's why I signed a law to protect o… https://t.co/kGgMcdsnNj,,FALSE,Tue Apr 17 14:00:37 +0000 2018,9,9.86243E+17,neg
4,Sprout Social,"June 5 is fast approaching! Every vote matters in this election, and with only 10 days left until Election Day, we… https://t.co/8yZMZfOl7P",,FALSE,Sat May 26 17:05:01 +0000 2018,0,1.00042E+18,neg
5,Sprout Social,I signed into law the largest tax cut for Alabama’s middle-class in over a decade. Read more here: https://t.co/RpAnSmn6a0,,FALSE,Sun Mar 18 20:00:50 +0000 2018,3,9.75462E+17,neg
15,Sprout Social,"FINAL REMINDER: RSVP for a rally near you tomorrow, Monday, November 5 before it’s too late! We need your help to r… https://t.co/GaVoxvVWem",,FALSE,Sun Nov 04 15:31:00 +0000 2018,10,1.05911E+18,neg
24,Sprout Social,There are only 3 hours left to vote – have you voted yet? Your vote matters. Go out and vote before it’s too late.… https://t.co/gAnrkkeKlk,,FALSE,Tue Nov 06 22:00:14 +0000 2018,6,1.05993E+18,neg
0,Sprout Social,"We’re running out of time. The Ivey Campaign Grassroots Kickoff is tomorrow, and we need you there.. Don’t delay… S… https://t.co/o5vP7KwLkI",,FALSE,Fri Apr 06 20:01:01 +0000 2018,1,9.82347E+17,neg
1,Sprout Social,Today is the deadline to return your absentee ballot. Postmark your completed ballot TODAY so your vote will count!… https://t.co/jwTxaQe7Cj,,FALSE,Mon Jun 04 15:32:01 +0000 2018,0,1.00366E+18,neg
24,Sprout Social,"Team Ivey has had a busy weekend making calls and knocking on doors. All across the state, Alabamians tell us that… https://t.co/YvIOWzVUGT",,FALSE,Sun Sep 23 22:18:32 +0000 2018,10,1.04399E+18,neg
17,Sprout Social,Can’t make it to the polls on November 6? You can still make your voice heard by voting absentee. The deadline to r… https://t.co/4hF1ysuRVO,,FALSE,Wed Oct 31 16:19:07 +0000 2018,16,1.05767E+18,neg
15,Sprout Social,"17 years ago, our nation changed forever. Join me as we remember those who lost their lives, pray for their loved o… https://t.co/SucPSGdqqi",,FALSE,Tue Sep 11 14:30:11 +0000 2018,2,1.03952E+18,neg
23,Sprout Social,"Together, we will win this election - and create an even brighter future for Alabama! https://t.co/k7mM8mCGiF",,FALSE,Tue Nov 06 00:20:04 +0000 2018,6,1.0596E+18,neg
0,Sprout Social,"Today we celebrate the 2nd week of Advent, the Candle of Peace: “For out of you shall come forth a ruler who will s… https://t.co/oAMe8pv2ev",,FALSE,Sun Dec 10 14:00:06 +0000 2017,0,9.39857E+17,neg
55,Sprout Social,I believe that life begins at conception &amp; I’m proud to be the only candidate endorsed by both AL Citizens for Life… https://t.co/zJHXmnUSre,,FALSE,Tue Jul 10 19:31:01 +0000 2018,9,1.01677E+18,neg
11,Sprout Social,"I’ll always protect our religious freedoms, and our right to pray. We shouldn’t have to hide our faith. https://t.co/9odoayIaVV",,FALSE,Fri May 04 00:05:00 +0000 2018,2,9.92193E+17,neg
5,Twitter for iPhone,"Over the past 14 months, we have won one conservative victory after another. It’s all because of your support and w… https://t.co/vgQmO6Bid9",,FALSE,Mon Jun 04 20:22:08 +0000 2018,1,1.00373E+18,neg
8,Sprout Social,BREAKING: Alabama is growing! Unemployment rate is down to 3.6% — the lowest unemployment level ever. Add your name… https://t.co/Sj9zyDLnrE,,FALSE,Fri Nov 17 22:30:03 +0000 2017,3,9.31651E+17,neg
72,Sprout Social,"As a former teacher, I know how vital education is to Alabama's success. That's why I've focused on preparing stude… https://t.co/VAJFKut8gw",,FALSE,Thu Aug 02 13:02:27 +0000 2018,30,1.025E+18,neg
4,Sprout Social,"With just 1 week until Primary Election Day, we can’t leave anything to chance. It’s never too early to plan how, w… https://t.co/8jVBCIUhLl",,FALSE,Tue May 29 15:32:02 +0000 2018,3,1.00149E+18,neg
12,Sprout Social,"Today is one of the most important days of the year: National Day of Prayer. I pray that Alabamians make the time,… https://t.co/1XydVKzSuS",,FALSE,Thu May 03 15:00:50 +0000 2018,4,9.92056E+17,neg
11,Sprout Social,"It’s almost here. Election Day is in THREE days. Polls are open 7:00 AM to 7:00 PM on Tuesday, November 6. Don’t fo… https://t.co/g8jNZNTg0q",,FALSE,Sat Nov 03 21:22:01 +0000 2018,2,1.05883E+18,neg
21,Sprout Social,"Alabama is a place where dreams come true. And working together, it always will be! https://t.co/BnwPObpz1l",,FALSE,Mon Oct 01 17:12:31 +0000 2018,14,1.04681E+18,neg
27,Sprout Social,Team Ivey is busy delivering signs all across the state today! Want one? You can request yours at… https://t.co/lh5r6hJPTP,,FALSE,Fri Oct 05 18:49:27 +0000 2018,15,1.04828E+18,neg
15,Twitter for iPhone,I cast my ballot this morning in Montgomery! I’m asking for your vote today before 7pm. https://t.co/oGffMGFLvO,,FALSE,Tue Jun 05 15:24:38 +0000 2018,1,1.00402E+18,neg
10,Sprout Social,"Education is the cornerstone of a better life, and I am focused on making sure our children, teachers and schools h… https://t.co/WD4soOHaOV",,FALSE,Wed Sep 12 15:50:08 +0000 2018,0,1.0399E+18,neg
10,Sprout Social,"This Tuesday, June 5, is Primary Election Day! Your vote could be the difference between winning and losing, which… https://t.co/o5h7Jmgmpj",,FALSE,Sun Jun 03 15:13:01 +0000 2018,1,1.00329E+18,neg
7,Sprout Social,"When I became Governor last year, I vowed to clean up Montgomery &amp; protect our conservative values. And we have! https://t.co/eQ1R2MS4KG",,FALSE,Tue Mar 27 13:00:34 +0000 2018,1,9.78618E+17,neg
15,Sprout Social,"With record employment and education investments, Alabama is working again! The election is only 50 days away and T… https://t.co/mKpf3ULQeN",,FALSE,Mon Sep 17 21:11:10 +0000 2018,5,1.0418E+18,neg
8,Sprout Social,"Can’t make it to the polls on Tuesday, November 6? The deadline to apply to vote absentee in this election is TODAY… https://t.co/raSL3grTGO",,FALSE,Thu Nov 01 14:07:00 +0000 2018,7,1.058E+18,neg
8,Sprout Social,I stand with President Donald J. Trump and his conservative agenda! Add your name &gt;&gt;&gt; https://t.co/DrX5X4lEA7 https://t.co/X9ORGXZ2W8,,FALSE,Tue Nov 14 16:00:30 +0000 2017,7,9.30465E+17,pos
87,Sprout Social,I look forward to President Trump appointing a conservative Supreme Court Justice who will be faithful to our Const… https://t.co/1j1sJGPFxW,,FALSE,Wed Jun 27 20:46:01 +0000 2018,16,1.01207E+18,pos
13,Twitter Web Client,Proud to share that employment and wages in Alabama are the highest they've been in over a decade. Alabama is worki… https://t.co/FB0Fp2nMGe,,FALSE,Tue Jun 19 19:58:54 +0000 2018,7,1.00916E+18,pos
6,Sprout Social,"With the highest job growth, wages, and tax cuts in a decade, Alabama is working again! I want to continue bringing… https://t.co/38TvWxhWmn",,FALSE,Mon May 21 19:51:24 +0000 2018,3,9.98652E+17,pos
1,Sprout Social,"Week 3 of Advent - Candle of Joy: “Restore us, O God; make your face shine on us, that we may be saved.” - Psalm 80… https://t.co/cLqSCnxFZw",,FALSE,Sun Dec 17 14:00:08 +0000 2017,0,9.42394E+17,pos
6,Sprout Social,"Last week, I traveled across the state to share our conservative accomplishments achieved from  the past year and m… https://t.co/VXfaomYCTJ",,FALSE,Fri Apr 20 18:55:05 +0000 2018,2,9.87404E+17,pos
53,Sprout Social,"Even as a die-hard Auburn fan, I am looking forward to another @AlabamaFTBL national championship. Here’s to #17… https://t.co/AnvgvizdwH",,FALSE,Mon Jan 08 22:00:42 +0000 2018,10,9.50487E+17,pos
17,Sprout Social,"Since December 2016, Alabama’s unemployment rate dropped from 6.3% to an all-time low record of 3.5% – the 2.8% dro… https://t.co/3AZjE4QvK7",,FALSE,Fri Jan 26 21:01:17 +0000 2018,13,9.56995E+17,pos
12,Sprout Social,"Another week, another exciting tech company has announced plans to invest hundreds of millions of dollars in Alabam… https://t.co/hyeZdQLYCw",,FALSE,Tue Jul 10 15:50:09 +0000 2018,1,1.01671E+18,pos
11,Sprout Social,Why are some of Kay Ivey’s political opponents launching disgusting false attacks? This might have something to do… https://t.co/FvBxd4X1a0,,FALSE,Thu May 17 20:00:46 +0000 2018,5,9.97205E+17,pos
4,Sprout Social,The right to bear arms is there for a reason — to protect our families. As a proud  pistol-carrying permit holder a… https://t.co/orKrjOE1TH,,FALSE,Wed Nov 22 00:30:26 +0000 2017,2,9.33131E+17,pos
13,Twitter for iPhone,"Great feedback in Hoover from folks who are voting to keep Alabama working! Thank you for your support, together we… https://t.co/WoKqUmQOAA",,FALSE,Tue Jun 05 18:43:30 +0000 2018,3,1.00407E+18,pos
1,Sprout Social,"As Governor, I promise to always stand up for your rights. I’m committed to  protecting your gun rights. Stand with… https://t.co/AXJK18XyjZ",,FALSE,Wed Dec 06 18:00:03 +0000 2017,0,9.38468E+17,pos
1,Sprout Social,This outlandish attack is disgusting because they’re not telling the truth. Get the truth – read the article and wa… https://t.co/J0iigW2YzO,,FALSE,Thu May 17 16:19:01 +0000 2018,0,9.97149E+17,pos
2,Sprout Social,"We need you on Team Ivey. Sign up to volunteer today to help with our fight to keep Alabama working! 

Sign up:… https://t.co/Slma6d1m51",,FALSE,Thu Mar 15 22:30:08 +0000 2018,1,9.74412E+17,pos
8,Sprout Social,Did you miss my campaign’s first TV commercial? We’ve accomplished so much for Alabama over the past 11 months. Fro… https://t.co/RcJne58VWc,,FALSE,Thu Mar 15 18:00:28 +0000 2018,2,9.74345E+17,pos
12,Twitter Web Client,"We have made great strides over the past 14 months, but the fight to preserve Alabama’s conservative values is not… https://t.co/hzsRyWpNU0",,FALSE,Thu Jun 14 17:55:29 +0000 2018,2,1.00732E+18,pos
12,Sprout Social,"I believe our children deserve a quality education &amp; the opportunity to succeed. As a former teacher, I’ll always m… https://t.co/5xiJHclnQX",,FALSE,Thu May 10 22:00:41 +0000 2018,3,9.94699E+17,pos
11,Sprout Social,"May you be surrounded by loved ones on this blessed day. Let the hope of eternal life overshadow the fears we face,… https://t.co/T7YRSDHn49",,FALSE,Sun Apr 01 13:00:44 +0000 2018,2,9.8043E+17,pos
3,Sprout Social,"On the 76th anniversary of the “date which will live in infamy,” we remember the thousands who served and gave thei… https://t.co/ThsMokOwbo",,FALSE,Thu Dec 07 13:30:03 +0000 2017,2,9.38763E+17,pos
8,Sprout Social,I had the pleasure of joining LG today to announce another job-creating investment! Alabama is working again. Join… https://t.co/GPUt3IpEhz,,FALSE,Wed Jun 27 20:00:38 +0000 2018,2,1.01206E+18,pos
219,Sprout Social,We did it! We've been saying it for months but now it’s clear: Alabama is working again! I am honored to be chosen… https://t.co/PvCcjBLSJy,,FALSE,Wed Jun 06 03:10:54 +0000 2018,62,1.0042E+18,pos
12,Sprout Social,I will always fight to preserve the principles that have guided our nation since its founding. I believe we need to… https://t.co/SuG4LbrkWr,,FALSE,Thu Apr 19 15:30:18 +0000 2018,1,9.8699E+17,pos
0,Sprout Social,Reminder: Today is the last day to RSVP for the Ivey Campaign Grassroots Kickoff. Sign up now before it’s too late! https://t.co/rKkigjgJoe,,FALSE,Fri Apr 06 13:01:43 +0000 2018,0,9.82242E+17,pos
9,Sprout Social,"Alabama is working again. With more than $6 billion of new investments and thousands of new jobs, Alabama is open f… https://t.co/xDUeLfB5K1",,FALSE,Mon Apr 02 14:00:20 +0000 2018,3,9.80807E+17,pos
9,Twitter for iPhone,"Together, we will win this election - and continue our progress with conservative leadership and principles. Birmin… https://t.co/9qLmDnuIwk",,FALSE,Tue Jun 05 00:26:21 +0000 2018,3,1.0038E+18,pos
51,Sprout Social,".@mike_pence thank you for your leadership, hard work and kind words. It's an honor working together with you and P… https://t.co/xH5gFXOv7b",,FALSE,Tue Oct 30 22:23:24 +0000 2018,16,1.0574E+18,pos
28,Sprout Social,"Today, I proudly accepted an endorsement from National Right to Life, the third pro-life organization to lend their… https://t.co/n4AKaLYvJY",,FALSE,Wed Oct 17 15:41:35 +0000 2018,6,1.05259E+18,pos
4,Sprout Social,"You won’t hear this from the biased media. Last night, President Donald Trump gave a tremendous first official Stat… https://t.co/jP1i1nGxmp",,FALSE,Wed Jan 31 19:15:07 +0000 2018,1,9.58781E+17,pos
17,Sprout Social,Great music and company in Cullman tonight! Grateful for everyone who came out on this beautiful evening. https://t.co/xo1f6p9sfj,,FALSE,Sat Oct 20 01:29:16 +0000 2018,4,1.05346E+18,pos
35,Sprout Social,"It’s Election Day, and the polls are officially OPEN. Today, Alabamians will make their voices heard. Polls are ope… https://t.co/Br0XFP4PeK",,FALSE,Tue Nov 06 13:15:03 +0000 2018,9,1.0598E+18,pos
22,Sprout Social,What a special evening with old friends in Monroeville. The turnout and enthusiasm tonight is one of the reasons wh… https://t.co/NtLK7XIVQU,,FALSE,Fri Sep 21 01:45:02 +0000 2018,6,1.04295E+18,pos
5,Sprout Social,"As President Trump has said many times, “We are going to start saying Merry Christmas again.” Show President Trump… https://t.co/Z0vxSQepx1",,FALSE,Thu Dec 21 22:30:05 +0000 2017,1,9.43972E+17,pos
2,Sprout Social,"Merry Christmas Eve! Candle of Love: “The heavens will praise Your wonders, O Lord; Your faithfulness also in the a… https://t.co/7VX3S2Lw99",,FALSE,Sun Dec 24 13:00:05 +0000 2017,1,9.44916E+17,pos
11,Sprout Social,I’m proud to be the ONLY NRA-Endorsed candidate for governor. I promise to always defend our second amendment right… https://t.co/Twn9JO8J7Q,,FALSE,Wed May 30 21:00:34 +0000 2018,4,1.00193E+18,pos
30,Sprout Social,"The polls are looking good, but they’re just polls. Keep pounding the pavement, knocking on doors, making phone cal… https://t.co/OWehT06kuC",,FALSE,Tue Nov 06 18:25:05 +0000 2018,4,1.05987E+18,pos
17,Twitter Web Client,Honored by Mr. Glenn Henry’s words in the @MGMAdvertiser. I promise you I will keep fighting to maintain your trust… https://t.co/BdmunnZCo8,,FALSE,Tue Jun 19 15:23:58 +0000 2018,8,1.00909E+18,pos
28,Sprout Social,Thank you Auburn College Republicans for your support! I appreciate you and all of the Lee County volunteers who ar… https://t.co/LaOWlgFJkd,,FALSE,Sat Oct 27 15:18:12 +0000 2018,8,1.0562E+18,pos
5,Sprout Social,Today is the last day to request your absentee ballot. Click here to download your absentee ballot application and… https://t.co/RJNRmhgPfM,,FALSE,Thu May 31 14:57:02 +0000 2018,2,1.0022E+18,pos
40,Sprout Social,"Whether it’s his liberal stance on late term abortions, Planned Parenthood or his refusal to even acknowledge the s… https://t.co/vFchFxAhEk",,FALSE,Mon Oct 08 20:25:53 +0000 2018,16,1.0494E+18,pos
8,Sprout Social,"I’m proud and honored to serve all Alabamians, and I will continue to fight for honest, straightforward, “tell it l… https://t.co/IuHbP28RGt",,FALSE,Sat Mar 24 14:00:28 +0000 2018,2,9.77546E+17,pos
29,Sprout Social,"Rain or shine, Team Ivey is ready to hit the streets and remind folks to get out and vote. With the help and enthus… https://t.co/vOlg6DMLvt",,FALSE,Sat Oct 20 15:45:37 +0000 2018,15,1.05367E+18,pos
46,Sprout Social,New poll released today shows Alabama is working again! Thank you to the people of AL for your support. It is an ho… https://t.co/rQcY2IuyLL,,FALSE,Wed Jul 25 19:21:08 +0000 2018,18,1.0222E+18,pos
31,Sprout Social,It's unconscionable to me that Maddox would join abortion rights activists from across the country in opposing CA2.… https://t.co/pbatkx372s,,FALSE,Mon Oct 15 15:52:53 +0000 2018,12,1.05186E+18,pos
0,Sprout Social,Contest ends tomorrow at 11:59 PM! We’re giving away 4 packs of 2 tickets to the Alabama GOP Winter Dinner in Montg… https://t.co/v8n9VaA9Xp,,FALSE,Sun Feb 18 22:00:44 +0000 2018,1,9.65345E+17,pos
1756,Sprout Social,"In Alabama, we don’t celebrate making the national championship. Only winning it. Talk to y’all on Tuesday.… https://t.co/endBx30BOs",,FALSE,Mon Jan 08 00:00:24 +0000 2018,744,9.50155E+17,pos
15,Sprout Social,I am honored to receive another major pro-life endorsement for Governor from the Alabama Citizens for Life. Our mom… https://t.co/RysdVoc5is,,FALSE,Mon May 14 20:47:13 +0000 2018,7,9.9613E+17,pos
8,Sprout Social,It’s Primary Election Day in Alabama! The polls are open until 7PM. Don’t forget to bring a valid photo ID with you… https://t.co/iEb4hWLnbh,,FALSE,Tue Jun 05 12:54:02 +0000 2018,6,1.00398E+18,pos
8,Sprout Social,"Dr. Martin Luther King, Jr. dedicated his life to fighting for true equality, respect, and dignity every American d… https://t.co/3iRWM9krFL",,FALSE,Mon Jan 15 18:45:13 +0000 2018,4,9.52975E+17,pos
8,Twitter for iPhone,Encouraged by all the folks in Hoover who have already voted to keep Alabama working! And I’m asking for your vote… https://t.co/J2Gox8nNF9,,FALSE,Tue Jun 05 18:04:58 +0000 2018,3,1.00406E+18,pos
8,Sprout Social,"My faith has always come first for me. That’s why as Governor, protecting religious freedom, and our values, remain… https://t.co/VtJcLd0OBK",,FALSE,Thu Apr 05 21:35:38 +0000 2018,0,9.82009E+17,pos
12,Sprout Social,Fighting for our conservative values means protecting our constitutional rights and the rights of the unborn. That’… https://t.co/brQ2mTnwZj,,FALSE,Fri Mar 30 17:00:30 +0000 2018,4,9.79765E+17,pos
25,TweetDeck,"As a pro-life conservative, I am committed to protecting the unborn. Donate $5 today to join the fight and defend t… https://t.co/xuXv13QbPB",,FALSE,Fri Aug 24 18:33:35 +0000 2018,13,1.03306E+18,pos
38,Sprout Social,Congratulations to Brett Kavanaugh for his nomination! I commend @realDonaldTrump  for choosing a nominee who has a… https://t.co/6ACKMnWgTm,,FALSE,Tue Jul 10 01:55:42 +0000 2018,12,1.0165E+18,pos
19,Sprout Social,"Are you ready? In just 1 week, Alabamians will make their voices heard on Election Day. Polls are open 7:00 AM to 7… https://t.co/7TBW4ND4kB",,FALSE,Tue Oct 30 18:24:08 +0000 2018,14,1.05734E+18,pos
4,Sprout Social,There’s no better way to watch the election results come in than with Kay and dedicated members of Team Ivey. Join… https://t.co/CToNRbwG4b,,FALSE,Mon Jun 04 23:00:17 +0000 2018,0,1.00377E+18,pos
26,Sprout Social,"Thank you for standing with Alabama, @realDonaldTrump! Our farmers need our help. https://t.co/HmMpHgoUYw",,FALSE,Mon Oct 15 16:04:41 +0000 2018,6,1.05187E+18,pos
6,Sprout Social,Last week we had great campaign stops across Alabama. Looking forward to another week traveling the state and shari… https://t.co/LIvJZPFn0y,,FALSE,Mon May 14 16:01:37 +0000 2018,1,9.96058E+17,pos
17,Sprout Social,Danielle and Kaley are out today reminding Alabamians to get out and vote on Nov 6. I am incredibly grateful for th… https://t.co/F0EVSSqFaa,,FALSE,Fri Oct 26 19:50:01 +0000 2018,10,1.05591E+18,pos
8,Sprout Social,I’m overwhelmed by the support during our campaign kickoff in Montgomery earlier this week! We have a lot of work a… https://t.co/dKkVmAd4La,,FALSE,Thu Feb 15 18:23:18 +0000 2018,0,9.64203E+17,pos
118,Sprout Social,"The choice in this election for Governor is clear: if you want a candidate who proudly voted for Hillary Clinton, W… https://t.co/0m8QqfbErb",,FALSE,Thu Jul 19 14:15:05 +0000 2018,49,1.01995E+18,pos
27,Sprout Social,What a crowd! Thank you Baldwin County GOP for your support and excitement. https://t.co/P6VVR2bPNU,,FALSE,Fri Oct 19 01:16:46 +0000 2018,5,1.05309E+18,pos
9,Sprout Social,"Thank you Cindy, Joyce and Dottie of Huntsville for volunteering your time this week! Your support and involvement… https://t.co/eqObVNaEZk",,FALSE,Thu Oct 04 17:30:22 +0000 2018,6,1.0479E+18,pos
5,Sprout Social,"There are only 3 days left until Primary Election Day, and we’re counting on every member of Team Ivey to vote. Rem… https://t.co/eIUXPWQNt1",,FALSE,Sat Jun 02 14:34:01 +0000 2018,0,1.00292E+18,pos
12,Sprout Social,"This Saturday, I'll be in Mobile with dedicated volunteers who are reminding Alabamians to get out and vote on Nove… https://t.co/MO8tmSFk8I",,FALSE,Tue Oct 02 22:35:01 +0000 2018,16,1.04725E+18,pos
77,Sprout Social,BREAKING NEWS: New report shows Alabama has broken more jobs records! Vote on Nov 6 to keep Alabama working! https://t.co/gKzQ0t4oj1,,FALSE,Fri Oct 19 17:15:07 +0000 2018,46,1.05333E+18,pos
23,Sprout Social,"A big thank you to the Capital City Young Republicans, the Republican Club of Central Alabama and the Montgomery Co… https://t.co/K8RAw9smw3",,FALSE,Fri Aug 24 00:29:45 +0000 2018,7,1.03279E+18,pos
3,Sprout Social,It’s a tossup! Vote for your favorite bumper sticker and make your voice heard before time runs out. See them here… https://t.co/QLP0QD3CzT,,FALSE,Thu Nov 16 19:00:18 +0000 2017,3,9.31235E+17,pos
15,Sprout Social,"Thanks to our successful manufacturing sector &amp; the increasing demand overseas for Alabama-made goods &amp; services, e… https://t.co/hvrDcMRys9",,FALSE,Wed Mar 07 14:00:23 +0000 2018,3,9.71385E+17,pos
5,Sprout Social,I enjoyed meeting dedicated conservative supporters and volunteers of all ages at our campaign grassroots kickoff o… https://t.co/tYxnZAG9pw,,FALSE,Tue Apr 10 16:30:19 +0000 2018,4,9.83744E+17,pos
6,Sprout Social,"Today marks Alabama’s 198th birthday, and I am also grateful the Lord has allowed me to help move the great state o… https://t.co/tnCFLoSIPm",,FALSE,Thu Dec 14 14:00:07 +0000 2017,2,9.41307E+17,pos
5,Sprout Social,Primary Election Day is TOMORROW! Kay is counting on you to help her continue fighting for all Alabamians. Find you… https://t.co/7qxN4cjoZh,,FALSE,Mon Jun 04 14:07:03 +0000 2018,1,1.00364E+18,pos
1,Sprout Social,Today is the LAST DAY to enter for a chance to win the Alabama GOP Winter Dinner Contest – 4 lucky winners will eac… https://t.co/GnbansKS3L,,FALSE,Mon Feb 19 21:00:36 +0000 2018,0,9.65693E+17,pos
15,Sprout Social,"On Good Friday, we are reminded of God’s grace: in spite of knowing the failures to come, God moves towards us in l… https://t.co/9IMMCSy9MC",,FALSE,Fri Mar 30 17:45:10 +0000 2018,4,9.79777E+17,pos
19,Twitter for iPhone,We had an enthusiastic crowd in Huntsville. Showing up is what this is all about. If you want to keep Alabama worki… https://t.co/HK2TWf3MRB,,FALSE,Mon Jun 04 15:56:22 +0000 2018,12,1.00367E+18,pos
3,Sprout Social,"This Thanksgiving, I am thankful for all Alabamians and the opportunity to serve you. It is an honor going to work… https://t.co/G5lcVv84x7",,FALSE,Thu Nov 23 15:00:33 +0000 2017,0,9.33712E+17,pos
3,Sprout Social,Today we celebrate the Second Continental Congress adopting Old Glory to be the symbol of our great nation. I am so… https://t.co/0dBXLzUmcq,,FALSE,Thu Jun 14 21:50:01 +0000 2018,1,1.00738E+18,pos
2,Sprout Social,"*RT* to celebrate the Birth of Christ: “A Savior has been born to you; he is the Messiah, the Lord.” - Luke 2:11 https://t.co/Ttv8laQ0y7",,FALSE,Mon Dec 25 13:00:20 +0000 2017,2,9.45278E+17,pos
6,Sprout Social,"In appointing Judge Brad Mendheim to the Alabama Supreme Court, it’s imperative to appoint someone with conservativ… https://t.co/RFDfgaHmmt",,FALSE,Mon Jan 29 14:01:10 +0000 2018,3,9.57977E+17,pos
1,Sprout Social,A recent poll by Morning Consult named Kay is the 4th most popular governor in the United States! And it’s all than… https://t.co/qaz1F27wpF,,FALSE,Fri Dec 01 18:00:03 +0000 2017,0,9.36656E+17,pos
16,Sprout Social,"Happy Independence Day! Today, we celebrate the message of freedom and liberty that rings out since the founding of… https://t.co/8NXX8iYdkp",,FALSE,Wed Jul 04 15:00:30 +0000 2018,4,1.01452E+18,pos
4,Sprout Social,I had the pleasure of spending a beautiful evening in Daleville last night. What an enthusiastic and energetic grou… https://t.co/VzMh7b6XRs,,FALSE,Tue May 08 17:01:07 +0000 2018,0,9.93899E+17,pos
23,Sprout Social,"Under my leadership, wages and employment are at their highest levels in a decade. Alabama is working again, and I… https://t.co/sLfYPYh7Oi",,FALSE,Tue Aug 21 13:44:01 +0000 2018,6,1.0319E+18,pos
32,Sprout Social,What a great crowd in Mobile this morning! All across the state today volunteers are hitting the streets to talk wi… https://t.co/AsBl8oM4HE,,FALSE,Sat Oct 06 17:13:39 +0000 2018,10,1.04862E+18,pos
15,Sprout Social,President Ronald Reagan courageously fought for conservative principles and made history as a champion of religious… https://t.co/U8A3V4ljU1,,FALSE,Tue Feb 06 14:00:56 +0000 2018,7,9.60876E+17,pos
7,Sprout Social,"On March 3rd, 1915, Congress created the U.S. Navy Reserve, consisting of the Ready, Standby, &amp; Retired Reserves wh… https://t.co/5FKrx6Ames",,FALSE,Sat Mar 03 16:01:29 +0000 2018,3,9.69966E+17,pos
20,Sprout Social,Did you hear the news? Blue Origin is investing $200M and creating hundreds of jobs in AL! Team Ivey is out and abo… https://t.co/W5viwLGk6t,,FALSE,Sat Sep 29 19:38:41 +0000 2018,8,1.04612E+18,pos
161,Sprout Social,"After God, country and family, there are two things I love: the state of Alabama and my dog, Bear! https://t.co/7Gn136LLn8",,FALSE,Tue Oct 16 19:14:09 +0000 2018,51,1.05228E+18,pos
14,Sprout Social,Please join me in honoring the late President Abraham Lincoln on what would be his 209th birthday. Regularly seekin… https://t.co/fiECkdPHD9,,FALSE,Mon Feb 12 16:00:58 +0000 2018,5,9.6308E+17,pos
26,Sprout Social,"There’s no bye week for Team Ivey! With only 10 days to go, the people of Shelby County are revved up and ready to… https://t.co/fShnU9YHqV",,FALSE,Sat Oct 27 20:32:20 +0000 2018,8,1.05628E+18,pos
21,Sprout Social,"I’m honored to have just received the endorsement from the NRA! 

RETWEET: join me in my fight to defend our right… https://t.co/Gd5Ow1tnWT",,FALSE,Fri May 18 00:05:04 +0000 2018,11,9.97267E+17,pos
7,Sprout Social,"Alabama is growing! Our state was ranked 6th in construction job growth with 7,200 new jobs and an 8.5% increase fr… https://t.co/f8tjCIgRJS",,FALSE,Mon Jan 22 19:01:28 +0000 2018,7,9.55516E+17,pos
12,Sprout Social,"As the @usairforce celebrates its 71st birthday, join me in thanking the brave men and women who defend our skies a… https://t.co/6c9xXiomLe",,FALSE,Tue Sep 18 14:14:02 +0000 2018,3,1.04205E+18,pos
16,Sprout Social,"Alabama is working again, thanks to our pro-job initiatives that led to the creation of more than 13,000 jobs, incl… https://t.co/xZ77YG3kfA",,FALSE,Wed Apr 25 19:00:46 +0000 2018,4,9.89218E+17,pos
17,Sprout Social,We set aside this day to honor the men and women who have paid the ultimate price to give us the freedoms we enjoy.… https://t.co/rbFX2iqEZS,,FALSE,Mon May 28 15:25:02 +0000 2018,7,1.00112E+18,pos
2,Sprout Social,Here’s the winning bumper sticker design! Show off your Alabama pride by chipping in $3 now to claim yours now &gt;&gt;&gt;… https://t.co/YGaLd2jQr4,,FALSE,Tue Nov 21 14:00:03 +0000 2017,0,9.32972E+17,pos
15,Sprout Social,"This is a BIG deal. Last month, the U.S. Air Force selected the 187th Fighter Wing at Dannelly Field in Montgomery… https://t.co/3kyhIuodna",,FALSE,Thu Jan 18 14:01:32 +0000 2018,10,9.53991E+17,pos
9,Sprout Social,"I stand with President @realDonaldTrump because he stands for Alabama values like repealing Obamacare, reforming ou… https://t.co/gvtbqXKYcr",,FALSE,Mon Nov 27 19:00:20 +0000 2017,7,9.35222E+17,pos
7,Sprout Social,"With more Alabamians working than ever before and a record low unemployment rate, Alabama’s economy is booming. I w… https://t.co/COToGFyOKE",,FALSE,Fri Mar 23 17:00:28 +0000 2018,4,9.77229E+17,pos
23,Sprout Social,I’m incredibly grateful to everyone across the state who has shown their support over the past several months. With… https://t.co/WbrnJMdMrT,,FALSE,Mon Oct 15 02:25:36 +0000 2018,8,1.05166E+18,pos
10,Sprout Social,Join me in wishing @realDonaldTrump a very happy 72nd birthday and thanking him for his leadership and hard work! P… https://t.co/wo6UG2T6fF,,FALSE,Thu Jun 14 20:15:04 +0000 2018,2,1.00736E+18,pos
11,Sprout Social,"Today, we mourn the loss of the Rev. Billy Graham, the greatest evangelist of our time. We will forever be inspired… https://t.co/JsL9kFKCmO",,FALSE,Wed Feb 21 22:00:49 +0000 2018,1,9.66433E+17,pos
3,Sprout Social,I’m excited for our Campaign Grassroots Kickoff THIS Saturday. Help spread the word by going door-to-door and makin… https://t.co/VnUBUiohir,,FALSE,Thu Apr 05 13:53:42 +0000 2018,1,9.81893E+17,pos
24,Twitter Web Client,"As the election draws closer, the crowds are growing larger. Thank you to everyone who came out to Bryant-Denny Sta… https://t.co/Jwy2xU5mQ3",,FALSE,Wed Oct 17 03:30:05 +0000 2018,4,1.0524E+18,pos
36,Sprout Social,I am officially qualified to run for Governor! Thank you to my friends who came out this morning to support this im… https://t.co/FflLKeJy1Q,,FALSE,Mon Jan 08 18:02:09 +0000 2018,9,9.50427E+17,pos
8,Twitter for iPhone,"This morning we kicked off the ""Get Out the Vote"" tour in Montgomery. Have you found your voting place yet? Find it… https://t.co/DzvC5w7nkc",,FALSE,Mon Jun 04 14:24:19 +0000 2018,0,1.00364E+18,pos
12,Sprout Social,"As Gov, creating more jobs is my job. I'm proud of what we've done so far - 4,000 new jobs at Toyota/Mazda, $6 bill… https://t.co/tPS90EOi9j",,FALSE,Tue Mar 27 18:00:33 +0000 2018,8,9.78693E+17,pos
16,Twitter for iPhone,"Today, I traveled to every corner of the state sharing our conservative accomplishments and vision for the future.… https://t.co/kTk1by0Z4F",,FALSE,Tue Jun 05 01:01:31 +0000 2018,5,1.0038E+18,pos
1,Sprout Social,Contest ends Monday at 11:59 PM! We’re giving away 4 packs of 2 tickets to the Alabama GOP Winter Dinner in Montgom… https://t.co/USBaBMfQHf,,FALSE,Fri Feb 16 14:01:32 +0000 2018,0,9.645E+17,pos
13,Sprout Social,AL is working hard to ensure students today are being prepared for the jobs of tomorrow. Today we took another step… https://t.co/WrzxaZwyEw,,FALSE,Wed Oct 24 20:50:03 +0000 2018,0,1.0552E+18,pos
37,Sprout Social,My Statement: https://t.co/VynDmm2l6r,,FALSE,Wed May 16 14:58:28 +0000 2018,16,9.96767E+17,pos
18,Sprout Social,"Today, we celebrate the lives and achievements of Presidents past and present, from President George Washington to… https://t.co/QmGjt49Epf",,FALSE,Mon Feb 19 14:00:48 +0000 2018,4,9.65587E+17,pos
11,Sprout Social,Happy 243rd Birthday to the U.S. Army! I am so thankful for your dedicated soldiers who protect and defend our coun… https://t.co/vox6SpYbID,,FALSE,Thu Jun 14 23:56:01 +0000 2018,1,1.00741E+18,pos
1,Sprout Social,I look forward to this day every year. @AlabamaFBTL and @AuburnFootball square off in the 82nd edition of the Iron… https://t.co/gombffy0V0,,FALSE,Sat Nov 25 15:00:10 +0000 2017,0,9.34437E+17,pos
5,Sprout Social,"Yesterday, I proudly joined six governors in recommending that the Nobel Committee affirm @realdonaldtrump’s nomina… https://t.co/ZZuFTxaAsI",,FALSE,Wed May 16 00:15:02 +0000 2018,0,9.96545E+17,pos
2,Sprout Social,Join me in supporting early childhood education for Alabamians by adding your name: https://t.co/DJSs9PHhnc https://t.co/EYp5eFZCnJ,,FALSE,Tue Dec 05 22:30:04 +0000 2017,2,9.38174E+17,pos
6,Sprout Social,"On Monday, June 4, I will be coming to a town near you on our statewide tour, rallying supporters to make sure cons… https://t.co/jgintUoFNo",,FALSE,Wed May 30 22:00:32 +0000 2018,0,1.00195E+18,pos
6,Sprout Social,"Alabama is working again, and I need conservative fighters like you who will help our state keep up this incredible… https://t.co/vVQRYBbd2c",,FALSE,Tue Jul 03 19:26:01 +0000 2018,2,1.01423E+18,pos
19,Sprout Social,"Proud and grateful to receive an endorsement from Cindy, a dedicated Alabama mom and educator. https://t.co/U5kSVv0KmY",,FALSE,Mon Sep 10 20:31:35 +0000 2018,5,1.03925E+18,pos
27,Sprout Social,Wishing all hardworking Alabamians and their families a Happy Labor Day! https://t.co/BqB4SfdOCI,,FALSE,Mon Sep 03 13:37:37 +0000 2018,4,1.03661E+18,pos
22,Sprout Social,"On Monday, November 5, I'm hosting events all over the state to rally supporters and remind folks to get out and vo… https://t.co/Z9Zg7ngyrz",,FALSE,Wed Oct 31 16:14:38 +0000 2018,19,1.05767E+18,pos
31,Sprout Social,"Thank you all for your support, hard work and prayers. With your help - and God’s Grace - we’re going to win! https://t.co/WxrenYtsM0",,FALSE,Tue Nov 06 19:15:12 +0000 2018,8,1.05989E+18,pos
26,Sprout Social,"One year after unveiling my education initiative, “Strong Start, Strong Finish”, Alabama is already seeing impressi… https://t.co/m5dZlanyXI",,FALSE,Wed Aug 15 14:37:41 +0000 2018,13,1.02974E+18,pos
17,Sprout Social,"Are you ready? In less than TWO weeks, Alabamians will head to the polls to make their voices heard on Election Day… https://t.co/npaGqdBpdd",,FALSE,Fri Oct 26 00:27:07 +0000 2018,13,1.05562E+18,pos
13,Sprout Social,Thank you Kiwanis Club of Birmingham for inviting me to join you today. I'm proud that Alabama is home to the large… https://t.co/7QM8WIXVDg,,FALSE,Tue Oct 23 21:02:03 +0000 2018,1,1.05484E+18,pos
3,Sprout Social,Wishing you and your family a blessed and Merry Christmas! https://t.co/FjqJvNGmpX,,FALSE,Mon Dec 25 19:00:07 +0000 2017,3,9.45369E+17,pos
9,Sprout Social,"Grateful from the warm welcome I received today at the Tuscaloosa Rotary Club, where I shared my enthusiasm for the… https://t.co/AxAQnvKXCi",,FALSE,Tue Sep 18 21:39:03 +0000 2018,1,1.04217E+18,pos
54,Sprout Social,I believe the Second Amendment is clear and ought to be protected. And I’m honored to be the only candidate for Gov… https://t.co/m9LmCI9o5G,,FALSE,Wed Jul 11 16:05:11 +0000 2018,19,1.01708E+18,pos
5,Sprout Social,"As 2017 comes to a close and welcome 2018, I am hopeful for what we will achieve in Alabama. Have a safe, blessed,… https://t.co/d54NJB9LlR",,FALSE,Mon Jan 01 03:00:03 +0000 2018,0,9.47664E+17,pos
31,Sprout Social,Education is the cornerstone of a better life. That’s why I introduced an education program to ensure students have… https://t.co/b6brZGFctl,,FALSE,Fri Jul 06 15:30:05 +0000 2018,5,1.01526E+18,pos
34,Sprout Social,I enjoyed the opportunity to speak to the Etowah County Republicans this evening! Thank you all for coming out toni… https://t.co/L38wjOuVuM,,FALSE,Wed Oct 03 02:41:41 +0000 2018,21,1.04732E+18,pos
25,Sprout Social,Kicking off the day in Madison County. Folks are fired up and ready to keep Alabama working! https://t.co/uj8khrERoo,,FALSE,Sat Oct 20 14:35:41 +0000 2018,7,1.05366E+18,pos
0,Sprout Social,"During Military Family Month this November, it’s important to not only have our veterans’ and service members’ back… https://t.co/lAXwME4NBu",,FALSE,Wed Nov 22 16:00:03 +0000 2017,0,9.33364E+17,pos
20,Sprout Social,"Last week, Alabama celebrated three major job creating announcements: GE, LG and now Unipres has announced they are… https://t.co/cseMgQ5df6",,FALSE,Mon Jul 02 16:15:04 +0000 2018,3,1.01382E+18,pos
43,Sprout Social,"Welcome to our sweet home Alabama, @mike_pence! https://t.co/eNl2s0f5Au",,FALSE,Tue Oct 30 21:35:28 +0000 2018,15,1.05739E+18,pos
11,Sprout Social,"We only have 40 days until the election &amp; our momentum continues to build. This month, Alabama broke another jobs r… https://t.co/edbSObyoeW",,FALSE,Thu Sep 27 21:30:13 +0000 2018,4,1.04543E+18,pos
25,Sprout Social,"As Gov, I have made it my job to create a strong environment for job creation. Today, I proudly accepted an endorse… https://t.co/4Vxlq9bUvU",,FALSE,Tue Sep 18 21:01:01 +0000 2018,10,1.04216E+18,pos
38,Sprout Social,Congratulations @AlabamaFTBL! #17 and counting. Roll Tide! https://t.co/cLIliPWnb7,,FALSE,Tue Jan 09 14:50:03 +0000 2018,3,9.50741E+17,pos
25,Sprout Social,I’m humbled and honored to have your support. Serving as your governor remains the greatest privilege of my life.… https://t.co/U8ypTo3y8X,,FALSE,Mon Feb 05 22:00:53 +0000 2018,3,9.60634E+17,pos
11,Twitter Web Client,"Last week's election shows that Alabama is working again, but all our conservative accomplishments are just what I… https://t.co/cQQ9wBQYHg",,FALSE,Wed Jun 13 14:44:36 +0000 2018,1,1.00691E+18,pos
2,Sprout Social,My team just released three new bumper stickers so you can show off your Alabama pride. See them here and vote on y… https://t.co/n6xwN7tp7A,,FALSE,Wed Nov 15 19:50:02 +0000 2017,0,9.30886E+17,pos
13,Sprout Social,"Only 3 days to go, Team Ivey is busy reminding folks to get out and vote on Tuesday! Let's keep Alabama working! https://t.co/gmpTJdzrVN",,FALSE,Sun Nov 04 01:05:02 +0000 2018,1,1.05889E+18,pos
2,Twitter for iPhone,The polls are looking good but they're just polls. The only thing that matters is who shows up at the ballot box. M… https://t.co/8Y06na5qaH,,FALSE,Mon Jun 04 17:43:02 +0000 2018,1,1.00369E+18,pos
9,Sprout Social,"This weekend in Huntsville I shared Alabama's winning record. Under my leadership, Alabama has won every game – fro… https://t.co/pmCLnvKtD6",,FALSE,Mon May 21 18:15:03 +0000 2018,2,9.98628E+17,pos
1,Sprout Social,"Join me as we light the first Advent candle, the Candle of Hope. https://t.co/h1w2Z9Qpva",,FALSE,Sun Dec 03 15:00:07 +0000 2017,1,9.37336E+17,pos
3,Sprout Social,"Yesterday, passionate Pro-Life Alabamians gathered in Washington, D.C. to mark the 45th anniversary of the dreadful… https://t.co/3h6AIcwnHL",,FALSE,Sat Jan 20 17:30:29 +0000 2018,0,9.54768E+17,pos
8,Sprout Social,"It’s almost time! Your support throughout this campaign has been critical, and I would love for you to join our tea… https://t.co/yUIbQJGL7b",,FALSE,Sat Nov 03 13:43:55 +0000 2018,2,1.05872E+18,pos
7,Sprout Social,I am honored by @SBAList's endorsement. I'm pro-life because God teaches us to love life &amp; wants us to love one ano… https://t.co/kgqAFptM6b,,FALSE,Mon May 07 18:10:09 +0000 2018,4,9.93554E+17,pos
5,Twitter for iPhone,"It’s always a pleasure to be back in Auburn. As Governor, I’ve focused on making sure students have the education t… https://t.co/t5AQHSN3sY",,FALSE,Mon Jun 04 21:28:29 +0000 2018,1,1.00375E+18,pos