favorite_count,source,text,in_reply_to_screen_name,is_retweet,created_at,retweet_count,id_str,sentiment
22,Twitter for iPhone,"10:15 pm late night mark up of Higher Education bill in @EdWorkforce Committee probably past midnight, my amendment‚Ä¶ https://t.co/IQZmcLclLl",,FALSE,Wed Dec 13 03:14:08 +0000 2017,4,9.40782E+17,neg
17,Twitter for iPhone,"Business idea for somebody out there:
Milk taken at night as a premium natural sleep aid

https://t.co/1Upz07EO4l",,FALSE,Sun Oct 07 02:58:13 +0000 2018,4,1.04877E+18,neg
26,Twitter for iPhone,"... and the feeling is mutual
https://t.co/eb1Ys88nSw",,FALSE,Fri Mar 09 07:36:52 +0000 2018,6,9.72013E+17,neg
93,Twitter for iPhone,"We took the kids today to see LEGO ‚ÄúHit the Bricks‚Äù exhibit of the entire @CUBoulder campus, third floor of Old Mai‚Ä¶ https://t.co/2AScTrfWA4",,FALSE,Sat Jul 28 19:18:09 +0000 2018,9,1.02329E+18,neg
12,Twitter for iPhone,"At 4:30 pm at 26th and Vrain, @IanxFitzpatrick will try to strike me out! If you are nearby come watch one of us ge‚Ä¶ https://t.co/4O1mmMmQmF",,FALSE,Sat Jun 09 21:56:49 +0000 2018,4,1.00557E+18,neg
47,Twitter for iPhone,"Experiment shows that it takes about 18 hours to find a needle in a haystack
https://t.co/8AuhlBbP03",,FALSE,Mon Aug 06 06:36:39 +0000 2018,10,1.02636E+18,neg
2,Twitter for iPhone,How we can Overcome rural Colorado‚Äôs broadband hurdles (column) https://t.co/I28aCW4SuZ,,FALSE,Wed Nov 08 16:19:01 +0000 2017,5,9.28296E+17,neg
34,Twitter for iPhone,I will ask my colleague @PeteSessions what this odd mission to meet w thuggish authoritarian Nicolas Maduro was all‚Ä¶ https://t.co/DngOGwRNdh,,FALSE,Fri Apr 06 07:37:19 +0000 2018,22,9.8216E+17,neg
31,Twitter for iPhone,"‚ÄúDeclining costs are helping drive the surge in energy storage, along with wider availability of solar-plus-storage‚Ä¶ https://t.co/YQBqEXv41v",,FALSE,Thu Sep 06 04:02:39 +0000 2018,7,1.03755E+18,neg
0,Twitter for iPhone,@BartBanks @PolisForCO @NORML In Pueblo as we speak! It‚Äôs up to each country to decide what they want as it should be,BartBanks,FALSE,Thu May 31 01:25:36 +0000 2018,0,1.002E+18,neg
2,Twitter for iPhone,@kejtia And I might be able to sell you these stilts... I have sources,kejtia,FALSE,Tue Mar 20 04:57:29 +0000 2018,0,9.75959E+17,neg
65,Twitter for iPhone,"Well we dyed eggs with the kids tonight (and my fingers, hope this stuff comes out) https://t.co/FCroPZZkMj",,FALSE,Sun Apr 01 00:43:24 +0000 2018,3,9.80244E+17,neg
4,Twitter for iPhone,@WereGeek Yeah and my mom prefers RNA anyway,WereGeek,FALSE,Wed May 09 21:08:25 +0000 2018,0,9.94323E+17,neg
4,Twitter for iPhone,"@eatplaylove @jenniferegbert I'm furious!!!!! We all should be:
https://t.co/IuQUOAuSDq",eatplaylove,FALSE,Mon Nov 06 00:04:50 +0000 2017,1,9.27326E+17,neg
1,Twitter for iPhone,"@KyleClark Pls see my tax reform section at the bottom of the economy section:
https://t.co/Zez8oiQgR9",KyleClark,FALSE,Fri Oct 26 05:21:03 +0000 2018,0,1.05569E+18,neg
13,Twitter for iPhone,"...and Vulcans! üññ
https://t.co/uXG92O6Vor",,FALSE,Thu May 17 04:08:30 +0000 2018,1,9.96966E+17,neg
3,Twitter for iPhone,@Joe4COAG I‚Äôll be there!,COChicanoJoe,FALSE,Tue Mar 13 02:49:09 +0000 2018,1,9.7339E+17,neg
36,Twitter for iPhone,"Trevor Story!!! #Rocktober 
https://t.co/rNKOfKUDuL",,FALSE,Thu Sep 06 18:19:06 +0000 2018,4,1.03777E+18,neg
1,Twitter for iPhone,"@tomlucero1 @SenatorGrantham @SenatorBrophy From like 12 years ago, I‚Äôm still good for it",jaredpolis,FALSE,Sun Oct 07 18:30:00 +0000 2018,0,1.049E+18,neg
5,Twitter for iPhone,"@JD_Grom @jahimes @SpeakerRyan commented to me on them today when I was on the floor, I think he was just jealous",JD_Grom,FALSE,Wed Dec 13 01:06:55 +0000 2017,1,9.4075E+17,neg
83,Twitter for iPhone,Today I‚Äôll be voting NO on #FISA Reauthorization. It gives too much power to the government to spy on Americans w/o‚Ä¶ https://t.co/qTVIF1yRNf,,FALSE,Thu Jan 11 06:57:39 +0000 2018,28,9.51347E+17,neg
5,Twitter for iPhone,There is treatment (which Venezuela‚Äôs broken health infrastructure can‚Äôt deliver reliably) but the world still awai‚Ä¶ https://t.co/0JEe4DSNv1,,FALSE,Tue May 08 03:40:33 +0000 2018,1,9.93697E+17,neg
56,Twitter for iPhone,"A 100% renewable energy powered grid isn‚Äôt just possible, it‚Äôs happening 
https://t.co/psvuf1cfb1",,FALSE,Mon May 28 01:50:54 +0000 2018,21,1.00092E+18,neg
1,Twitter for iPhone,"In 1965, Irving Good said ‚ÄúThe first ultraintelligent machine is the last invention that man need ever make, provid‚Ä¶ https://t.co/2NzrB6OMy0",,FALSE,Mon May 21 17:16:50 +0000 2018,2,9.98614E+17,neg
3,Twitter for iPhone,@KyleClark I‚Äôve always supported the concept of revenue neutral tax reform that broadens the tax base and lowers ra‚Ä¶ https://t.co/9cdpSmp8QI,KyleClark,FALSE,Fri Oct 26 05:18:51 +0000 2018,0,1.05569E+18,neg
54,Twitter for iPhone,"RT if you agree w the founding fathers and support the right of the people peaceably to assemble, and to petition t‚Ä¶ https://t.co/uzPqUXsswr",,FALSE,Fri Oct 12 23:25:44 +0000 2018,46,1.05089E+18,neg
45,Twitter for iPhone,"Reducing crime, ending the achievement gap among the reasons I'm pushing for preschool to be available for everyone https://t.co/ECcIcv0dhe",,FALSE,Tue Nov 14 12:39:44 +0000 2017,8,9.30415E+17,neg
23,Twitter for iPhone,"Why the green energy revolution is here in one chart:
Source: https://t.co/ewoePSRD2B https://t.co/TtLQ6wEHfe",,FALSE,Wed May 23 05:32:29 +0000 2018,12,9.99161E+17,neg
62,Twitter for iPhone,"My 6 year old wants to do a Dungeons and Dragons camp over summer, the ones I found start at age 10. Anyone know a‚Ä¶ https://t.co/JXS7sycTko",,FALSE,Fri Apr 06 15:12:32 +0000 2018,7,9.82275E+17,neg
60,Twitter for iPhone,I‚Äôm not going to give up fighting for a year-long budget bill and helping our aspiring American dreamers and neithe‚Ä¶ https://t.co/OFsfcjJKJ9,,FALSE,Tue Jan 23 00:08:02 +0000 2018,9,9.55593E+17,neg
17,Twitter for iPhone,"Another way to store energy ‚Äúessentially convert a home‚Äôs hot water heater into an energy storage system‚Äù
 https://t.co/HBFXkSPjFA",,FALSE,Sat Sep 22 17:06:33 +0000 2018,4,1.04355E+18,neg
464,Twitter for iPhone,Please don‚Äôt ‚ÄúD‚Äôoh!‚Äù this election. Vote today or tomorrow. Find your location here: https://t.co/QaAc1McOXb https://t.co/NKmks3qhg9,,FALSE,Mon Nov 05 15:58:47 +0000 2018,42,1.05948E+18,neg
19,Twitter for iPhone,"Tragic and sad that Venezuela‚Äôs criminal economic mismanagement leads to 1,370,000% inflation and an economy shrink‚Ä¶ https://t.co/6zYdST7JTp",,FALSE,Wed Oct 10 05:22:23 +0000 2018,3,1.04989E+18,neg
64,Twitter for iPhone,".@Rockies win again! Unfortunately so do Cardinals (Wild Card) and Dodgers (NL West) so we are no closer, but still in it!",,FALSE,Sun Sep 23 23:27:30 +0000 2018,6,1.04401E+18,neg
61,Twitter for iPhone,"I offered the Cryptocurrency Tax Fairness Act as an amendment to the tax reform bill last night. #bitcoin 
https://t.co/RhqROH2sZc",,FALSE,Thu Nov 16 04:49:44 +0000 2017,20,9.31021E+17,neg
2,Twitter for iPhone,"@TaraSBostick1 I am against breed specific bans, check out my animal welfare policy here:
https://t.co/9qbB2pQV4S",TaraSBostick1,FALSE,Sun Jun 10 21:22:14 +0000 2018,0,1.00592E+18,neg
26,Twitter for iPhone,"Terrific rundown of emerging battery technologies that will help power our clean energy future:
https://t.co/DAi2cw6y50",,FALSE,Fri Sep 28 19:18:59 +0000 2018,4,1.04575E+18,neg
64,Twitter for iPhone,Winning bathroom wall poster at @TheWildGooseMH Colorado Springs #StarTrek https://t.co/7GbBkB8QPd,,FALSE,Fri Oct 12 21:15:06 +0000 2018,2,1.05086E+18,neg
0,Twitter for iPhone,@JonCaldara I'm not sure what you don't understand: The #strawman policy that u attack (a 100% renewable energy por‚Ä¶ https://t.co/qt3px7KCXx,JonCaldara,FALSE,Thu Dec 14 19:18:43 +0000 2017,1,9.41387E+17,neg
165,Twitter for iPhone,"Steel made before humans detonated nuclear weapons is the only steel without any radionuclide contamination, precis‚Ä¶ https://t.co/CPOSmB9xdw",,FALSE,Wed Dec 27 06:27:48 +0000 2017,55,9.45904E+17,neg
1,Twitter for iPhone,@Fly_Agaric Infrastructure: we‚Äôll get it done!,Fly_Agaric,FALSE,Sat Dec 30 19:33:04 +0000 2017,2,9.47189E+17,neg
0,Twitter for iPhone,@AmyOliverShow This is very simple: I am running on a goal of CO reaching 100% renewable energy by 2040. Increasing‚Ä¶ https://t.co/TkicL78ZMB,AmyOliverShow,FALSE,Thu Dec 14 19:41:50 +0000 2017,2,9.41393E+17,neg
59,Twitter for iPhone,Gia‚Äôs underbelly https://t.co/00uGdh7OWD,,FALSE,Sun Jul 01 23:50:57 +0000 2018,3,1.01357E+18,neg
10,Twitter for iPhone,"Crossing the finish line for helicopter safety to protect our first responders @FlightForLife 
https://t.co/vpBVNuyFFD",,FALSE,Sat Oct 27 13:27:47 +0000 2018,3,1.05618E+18,neg
302,Twitter for iPhone,I would sign the bill https://t.co/hysNWBQbVw,,FALSE,Thu Jul 12 04:29:55 +0000 2018,53,1.01726E+18,neg
82,Twitter for iPhone,First snow! https://t.co/43kzhtm3lo,,FALSE,Wed Oct 10 17:15:28 +0000 2018,9,1.05007E+18,neg
252,Twitter for iPhone,The kilogram will soon be changing forever. Instead of being based on a piece of platinum and iridium locked away i‚Ä¶ https://t.co/9H72bFYb1W,,FALSE,Fri Nov 02 20:46:18 +0000 2018,54,1.05846E+18,neg
71,Twitter for iPhone,About to speak on House Floor against this trillion dollar deficit spending bill that does nothing to help DREAMers,,FALSE,Fri Feb 09 08:25:32 +0000 2018,7,9.61879E+17,neg
6,Twitter for iPhone,@WereGeek @chrisFnicholson @PolisForCO I‚Äôm not going to give up fighting for a year-long budget bill and helping ou‚Ä¶ https://t.co/KGVnOOy9Xt,WereGeek,FALSE,Mon Jan 22 22:57:21 +0000 2018,1,9.55575E+17,neg
58,Twitter for iPhone,‚ÄúThese companies and technologies are essentially where batteries were 10 years ago and where solar was 20 years ag‚Ä¶ https://t.co/8Hb16a5fdt,,FALSE,Fri Oct 26 05:35:41 +0000 2018,13,1.05569E+18,neg
32,Twitter for iPhone,"Your vote is your voice: Today is last day to vote, remember to drop your ballot off, too late to mail it:
https://t.co/HMjsVE5CV9",,FALSE,Tue Nov 07 17:17:26 +0000 2017,20,9.27948E+17,neg
48,Twitter for iPhone,üòÇ https://t.co/0Ovc3OHr3m,,FALSE,Sat Sep 15 23:42:40 +0000 2018,4,1.04111E+18,neg
4,Twitter for iPhone,Trump's Phony Postcard Tax Return https://t.co/ihywxN9BwU,,FALSE,Wed Dec 20 21:59:44 +0000 2017,2,9.43602E+17,neg
122,Twitter for iPhone,"Not to rain on their parade, but don‚Äôt forget the time-tested technology of sails üå¨‚õµÔ∏è üò¨
https://t.co/i5pWDovd3x",,FALSE,Mon Oct 22 01:07:27 +0000 2018,16,1.05418E+18,neg
15,Twitter for iPhone,"I think the no-pitch intentional walk is silly, and now it has led to the no-pitch relief appearance #baseball 
https://t.co/nK6HPneqgP",,FALSE,Sun Jul 01 06:32:32 +0000 2018,3,1.01331E+18,neg
28,Twitter for iPhone,I‚Äôm exited to launch my new plan for the future of agriculture and to help small farmers. But headline writers need‚Ä¶ https://t.co/ipya3jk9WW,,FALSE,Fri Sep 28 17:57:14 +0000 2018,9,1.04573E+18,neg
113,Twitter for iPhone,"Going door to door in Denver (Montclair), if you‚Äôre not home I leave a note for you https://t.co/t4rr0wCg9O",,FALSE,Mon Jun 25 00:00:48 +0000 2018,10,1.01104E+18,neg
7,Twitter for iPhone,@DenverWestword Hard to win if you‚Äôre not on the ballot!,DenverWestword,FALSE,Fri Jan 05 15:12:47 +0000 2018,1,9.49298E+17,neg
15,Twitter for iPhone,"‚ÄúSome guests come in full hobbit regalia‚Äù
https://t.co/kEy4T6xWNN",,FALSE,Thu May 03 06:03:06 +0000 2018,2,9.91921E+17,neg
19,Twitter for iPhone,@PopulismUpdates I am confident that it is neither a King Cobra nor a Killer Whale,PopulismUpdates,FALSE,Tue Aug 07 06:43:42 +0000 2018,1,1.02672E+18,neg
1,Twitter for iPhone,@Sheena_Kadi @apblumenfeld TONIGHT IS CAUCUS!!! TONIGHT IS CAUCUS!!! TONIGHT IS CAUCUS!!! TONIGHT IS CAUCUS!!!,Sheena_Kadi,FALSE,Tue Mar 06 21:07:02 +0000 2018,0,9.7113E+17,neg
1,Twitter for iPhone,@CentristDan My dad is an artist and supported me and my brother and sister growing up,CentristDan,FALSE,Sun Feb 25 04:45:58 +0000 2018,1,9.67622E+17,neg
7,Twitter for iPhone,@alex_burness @SLC_CO You are the pate of Colorado Politics,alex_burness,FALSE,Fri Jun 22 15:37:54 +0000 2018,0,1.01019E+18,neg
2,Twitter for iPhone,"‚ÄúLet then eat insects‚Äù
Admittedly a hard sell, but crickety kudos to an entomological entrepreneur for trying
https://t.co/uIrx1Y468U",,FALSE,Fri Apr 20 04:59:20 +0000 2018,2,9.87194E+17,neg
20,Twitter for iPhone,"""When it comes to the tax code, think clean energy""
https://t.co/vynnlss5Xe",,FALSE,Wed Nov 15 05:29:49 +0000 2017,6,9.30669E+17,neg
106,Twitter for iPhone,"Killer whales are a kind of dolphin, and King Cobras aren‚Äôt even Cobras. King Cobras are so named because they kill‚Ä¶ https://t.co/VtsfDekDoX",,FALSE,Tue Aug 07 06:41:01 +0000 2018,4,1.02672E+18,neg
14,Twitter for iPhone,"Lied to Congress, illegally smuggled weapons to Iran, now President of the NRA: Oliver North 
https://t.co/1b64encR56",,FALSE,Mon May 07 21:36:27 +0000 2018,8,9.93606E+17,neg
0,Twitter for iPhone,@ariarmstrong And the restoration of democracy and the rule of law in Venezuela while you‚Äôre at it!,ariarmstrong,FALSE,Tue May 08 20:13:13 +0000 2018,1,9.93947E+17,neg
24,Twitter for iPhone,"Say what you will, but the guy can play ball at the professional level, 273 AVG, 8 HR in AA nothing to laugh at, ho‚Ä¶ https://t.co/Gg7EC6f30R",,FALSE,Tue Jul 24 02:54:09 +0000 2018,2,1.02159E+18,neg
1,Twitter for iPhone,@SolarRoast It all started at @SolarRoast last Year!,SolarRoast,FALSE,Wed Jun 27 22:46:57 +0000 2018,0,1.01211E+18,neg
17,Twitter for iPhone,"@KyleClark Look at the schedule and pick a date, I‚Äôll be there. The more debates the merrier. I told my staff to do‚Ä¶ https://t.co/9Q0iG5HdVp",KyleClark,FALSE,Thu Apr 05 04:17:28 +0000 2018,0,9.81748E+17,neg
17,Twitter for iPhone,"‚ÄúQuantum - it's something weird‚Äù sums it up, and it always seems ten years away from being practical...
https://t.co/OZNCS3w23n",,FALSE,Tue Oct 09 05:10:18 +0000 2018,4,1.04953E+18,neg
20,Twitter for iPhone,"Beware of Russians bringing gifts
https://t.co/cg1hSRhgBK",,FALSE,Tue Feb 27 04:59:49 +0000 2018,5,9.6835E+17,neg
1,Twitter for iPhone,@NonaLishus I've had 15 this year in person but in DC voting this week hence the telephone town hall,NonaLishus,FALSE,Thu Dec 21 02:42:13 +0000 2017,2,9.43673E+17,neg
67,Twitter for iPhone,New study finds ‚Äúmilitarized policing fails to enhance officer safety or reduce local crime.‚Äù But can hurt the repu‚Ä¶ https://t.co/qcT8enH0c1,,FALSE,Tue Aug 21 06:05:46 +0000 2018,31,1.03178E+18,neg
17,Twitter for iPhone,"Saddened by the loss of my friend, mentor, and colleague @louiseslaughter a fierce fighter for science, women, and‚Ä¶ https://t.co/n8xm0nH5OB",,FALSE,Fri Mar 16 15:04:11 +0000 2018,7,9.74663E+17,neg
82,Twitter for iPhone,"Chicken wings legally defined as sandwiches in Colorado? I‚Äôll be a Governor who knows a sandwich from a wing
https://t.co/EBAjgcGHbo",,FALSE,Sun Mar 11 05:50:58 +0000 2018,22,9.72711E+17,neg
2,Twitter for iPhone,@Sheena_Kadi So.... tonight is caucus.... ü§î,Sheena_Kadi,FALSE,Tue Mar 06 19:37:33 +0000 2018,1,9.71108E+17,neg
96,Twitter for iPhone,"After the rain ends
Pink flowers fallen from trees
Soft petal carpet 
#haiku https://t.co/ss0cJHxCqh",,FALSE,Fri May 04 01:25:58 +0000 2018,11,9.92214E+17,neg
255,Twitter for iPhone,"Here‚Äôs the reality: Trump is CHOOSING to terrorize young children, as young or younger than my 3-year-old. This wil‚Ä¶ https://t.co/yGawvppgOt",,FALSE,Wed Jun 20 05:01:14 +0000 2018,67,1.0093E+18,neg
0,Twitter for iPhone,@Rossputin @davek80514 Depends what you are defining as an assault weapon. Fully automatic are already ‚Äúbanned‚Äù (he‚Ä¶ https://t.co/aLT1ehXjCu,Rossputin,FALSE,Thu Jun 28 15:51:03 +0000 2018,0,1.01236E+18,neg
230,Twitter for iPhone,"Proud that Colorado is one of the easiest states to vote in, now let‚Äôs get out there and vote!
https://t.co/pFJwQCcxVE
 #copolitics",,FALSE,Wed Oct 24 04:55:10 +0000 2018,68,1.05496E+18,neg
30,Twitter for iPhone,"‚Äú... where renewables penetration is greatest, wholesale electricity prices have occasionally gone to zero‚Äù
https://t.co/PNYH5QV6xB",,FALSE,Mon May 21 05:49:26 +0000 2018,7,9.98441E+17,neg
7,Twitter for iPhone,"Doublets are two or more words in the same language that are different, but are from the same root word; often they‚Ä¶ https://t.co/dWM0zDTYri",,FALSE,Sat Apr 07 05:42:17 +0000 2018,6,9.82494E+17,neg
73,Twitter for iPhone,"Proud of my guest for State of the Union:
https://t.co/IyxYCtjvwp",,FALSE,Tue Jan 30 20:34:12 +0000 2018,19,9.58438E+17,neg
274,Twitter for iPhone,"Price of insulin has increased 700% in the last 20 years.

Price of epipen has increased from $100 dollars in 2007‚Ä¶ https://t.co/eAJCeFgPaY",,FALSE,Tue Sep 18 01:03:35 +0000 2018,72,1.04186E+18,neg
0,Twitter for iPhone,@MaxwellJay11 Baseball not softball,MaxwellJay11,FALSE,Sat May 26 17:41:41 +0000 2018,0,1.00043E+18,neg
98,Twitter for iPhone,"‚ÄúDo not envy the violent, nor choose any of their ways‚Äù Proverbs 3:31",,FALSE,Sat Oct 27 17:04:39 +0000 2018,30,1.05623E+18,neg
20,Twitter for iPhone,"Clever artistic satire reverses gender roles in vintage 50s ads, highlighting absurdity of stereotypes  https://t.co/Hb4Qwq1Opy",,FALSE,Thu Jan 18 13:47:36 +0000 2018,9,9.53987E+17,neg
0,Twitter for iPhone,"@WillSnyder_CO @dccc I have been active in helping the DCCC in prior elections, but am now focused on my Governors‚Ä¶ https://t.co/lJaBxccRqm",WillSnyder_CO,FALSE,Tue Feb 27 17:27:09 +0000 2018,1,9.68538E+17,neg
158,Twitter for iPhone,What‚Äôs happening to these families is beyond un-American. It‚Äôs flat-out horrific. We must all stand in solidarity a‚Ä¶ https://t.co/DJDEHdoT8E,,FALSE,Tue Jun 19 19:18:12 +0000 2018,28,1.00915E+18,neg
4,Twitter for iPhone,"Dawkins the baboon ran around the San Antonio Airport... sounds a lot more interesting than @DENAirport 
https://t.co/IKQ8IQ1Mu5",,FALSE,Mon May 21 22:43:18 +0000 2018,1,9.98696E+17,neg
15,Twitter for iPhone,"Let‚Äôs replace special interest tax subsidies w student loan relief, making college more affordable, and reducing th‚Ä¶ https://t.co/7mluuhvlws",,FALSE,Tue May 29 17:57:03 +0000 2018,5,1.00152E+18,neg
7,Twitter for iPhone,"Wanna be pitcher @IanxFitzpatrick thinks he can strike me out.... I‚Äôm confident enough to livecast it on Facebook ,‚Ä¶ https://t.co/8j9V3wKYby",,FALSE,Fri Jun 08 18:43:54 +0000 2018,4,1.00516E+18,neg
19,Twitter for iPhone,"Empowering nurses can reduce costly and deadly medical errors
https://t.co/ZjdfemhW3f",,FALSE,Wed Aug 01 05:35:58 +0000 2018,9,1.02453E+18,neg
47,Twitter for iPhone,Very important last series for the @Rockies who are currently one game up in the NL West! #Rocktober here we come! https://t.co/wHRglnp3W2,,FALSE,Fri Sep 28 21:49:19 +0000 2018,4,1.04579E+18,neg
9,Twitter for iPhone,"Doublet of the day:
Skirt and shirt
both from the Old Norse ‚Äúskyrta‚Äù",,FALSE,Sat Apr 07 18:11:26 +0000 2018,4,9.82682E+17,neg
0,Twitter for iPhone,@JG00001630 Paid family and medical leave! Preschool and kindergarten for kids! Taking on the special interests to‚Ä¶ https://t.co/npx8pQfWZY,,FALSE,Sun Oct 21 03:00:10 +0000 2018,0,1.05384E+18,neg
10,Twitter for iPhone,"Did the airline charge extra for the rat?
https://t.co/gQOyy8AXpg",,FALSE,Fri Apr 27 03:24:06 +0000 2018,4,9.89707E+17,neg
119,Twitter for iPhone,"For real: Center for Disease Control will not be able to use the words ""evidence-based"" and ""science-based"" in offi‚Ä¶ https://t.co/8ORIMdpwxC",,FALSE,Sat Dec 16 01:48:58 +0000 2017,97,9.41848E+17,neg
115,Twitter for iPhone,"@SlukeWriter @KyleClark You are correct. In these challenging times when journalists are under attack, candidates a‚Ä¶ https://t.co/qNFnOsbQ9q",SlukeWriter,FALSE,Fri Oct 26 14:57:04 +0000 2018,11,1.05584E+18,neg
19,Twitter for iPhone,"Beware of wild otters... who knew?
https://t.co/0zUYuu2EAB",,FALSE,Fri Mar 09 05:02:12 +0000 2018,5,9.71974E+17,neg
201,Twitter for iPhone,"Can't believe I had to do it, tax code is no place to push radical personhood language, rejected in CO many times https://t.co/g6hcE45d7v",,FALSE,Wed Nov 15 03:45:18 +0000 2017,43,9.30643E+17,neg
6,Twitter for iPhone,"@cipher_sift @bethhartman @PolisForCO @pweiser @PhilForColorado Sign up here to help!
https://t.co/d1na3c2w2d",cipher_sift,FALSE,Sat Aug 25 01:44:10 +0000 2018,4,1.03317E+18,neg
55,Twitter for iPhone,Pho in Loveland for lunch today! https://t.co/PepOH1CBnn,,FALSE,Tue Mar 27 18:29:58 +0000 2018,4,9.78701E+17,neg
3,Twitter for iPhone,"@JennWhiteside @bethhartman @PolisForCO @pweiser @PhilForColorado Sign up here! We need the help!
https://t.co/d1na3c2w2d",JennWhiteside,FALSE,Sat Aug 25 01:43:47 +0000 2018,0,1.03317E+18,neg
148,Twitter for iPhone,The @Rockies win 14-0! And Cardinals and Dodgers both lose...#Rocktober is getting closer and closer. @rockies now‚Ä¶ https://t.co/nSaV0z4Zaa,,FALSE,Thu Sep 27 04:20:55 +0000 2018,11,1.04517E+18,neg
24,Twitter for iPhone,"I‚Äôm rooting for announcer @JohnnyGWeir ‚Äòs hair!
#OlympicGames #figureskateing",,FALSE,Mon Feb 12 06:20:49 +0000 2018,3,9.62934E+17,neg
0,Twitter for iPhone,@JActorios But... they are all the SAME!,JActorios,FALSE,Thu Sep 27 04:09:57 +0000 2018,0,1.04516E+18,neg
13,Twitter for iPhone,"Deep sea big mouth gulper eel can rapidly inflate and deflate using its pouch-like mouth 
https://t.co/nmQzicWnX3",,FALSE,Sat Sep 22 20:59:53 +0000 2018,3,1.04361E+18,neg
154,Twitter for iPhone,"Rockies make playoffs!!!!
#ROCKTOBER here we come! ‚öæÔ∏è",,FALSE,Sat Sep 29 03:37:37 +0000 2018,16,1.04588E+18,neg
118,Twitter for iPhone,"No wonder I can‚Äôt think straight when I‚Äôm hungry 
https://t.co/ZXOIOQQvw3",,FALSE,Sun Sep 23 05:06:41 +0000 2018,35,1.04373E+18,neg
22,Twitter for iPhone,"‚ÄúWe‚Äôre only just beginning to understand how much plants and animals mean to one another,‚Äù Dr. Valenta said, ‚Äúwhich‚Ä¶ https://t.co/xJ8ztTfk3n",,FALSE,Wed Oct 10 04:55:12 +0000 2018,2,1.04989E+18,neg
43,Twitter for iPhone,Ants don‚Äôt have lungs! üêú üòÆ https://t.co/I7qLY7jfGK,,FALSE,Tue Apr 10 05:39:18 +0000 2018,7,9.8358E+17,neg
0,Twitter for iPhone,@WereGeek @SenBennetCO It‚Äôs totally fake and anti-Semitic. I only have American citizenship,WereGeek,FALSE,Sun Apr 08 18:16:28 +0000 2018,0,9.83046E+17,neg
68,Twitter for iPhone,We can save money on healthcare and reduce the risk of antibiotic-resistant bacteria by reducing unnecessary use of‚Ä¶ https://t.co/XRNmSrF8cd,,FALSE,Sun Oct 07 04:25:43 +0000 2018,9,1.04879E+18,neg
0,Twitter for iPhone,@CedarReader @DenversStation Must have just missed you! :/,CedarReader,FALSE,Wed Jan 17 04:53:15 +0000 2018,1,9.5349E+17,neg
1,Twitter for iPhone,@HousePunter ... for now!!!,HousePunter,FALSE,Tue Feb 06 18:59:56 +0000 2018,1,9.60951E+17,neg
0,Twitter for iPhone,@InvisibleLabs Yes it is terrible to symbolize what Trump is doing to our environment!,InvisibleLabs,FALSE,Sat Jun 09 03:21:09 +0000 2018,0,1.00529E+18,neg
0,Twitter for iPhone,"@rackerman33 Randy, sometimes a snake is just a snake ;)",rackerman33,FALSE,Thu Jul 19 01:36:50 +0000 2018,0,1.01976E+18,neg
76,Twitter for iPhone,I‚Äôm in! https://t.co/9MDQvz6wvD,,FALSE,Sun Oct 21 03:21:33 +0000 2018,9,1.05385E+18,neg
11,Twitter for iPhone,"This could be lifesaving for so many kids! And for those of us whose kids aren‚Äôt allergic, PB&amp;J can return to schoo‚Ä¶ https://t.co/qIxzcIqXwl",,FALSE,Fri Apr 13 05:36:59 +0000 2018,9,9.84667E+17,neg
63,Twitter for iPhone,"This is so wrong
https://t.co/AK2qAJ8iN3",,FALSE,Sun Jun 03 05:57:40 +0000 2018,26,1.00315E+18,neg
26,Twitter for iPhone,Everyday is #MountainDay in Colorado! https://t.co/t3XtDoBPUZ,,FALSE,Tue Dec 12 20:57:52 +0000 2017,2,9.40687E+17,neg
85,Twitter for iPhone,"After running hard in elections to take over the government, Republicans finally won and took over Presidency, Sena‚Ä¶ https://t.co/sDOCnw1yCO",,FALSE,Fri Jan 19 18:27:49 +0000 2018,25,9.5442E+17,neg
100,Twitter for iPhone,Published 1966. I‚Äôm still hopeful. https://t.co/ZdKtiIGxEq,,FALSE,Tue Oct 23 05:56:56 +0000 2018,13,1.05461E+18,neg
28,Twitter for iPhone,"It‚Äôs a great bill, I‚Äôm proud to support it and hope to make even more progress on #agfreedom at the state level! https://t.co/h0Uc9cPvwW",,FALSE,Thu Oct 11 04:52:35 +0000 2018,6,1.05025E+18,neg
3,Twitter for iPhone,@NicMorseCO @colo_politics @WalkerStapleton What does that even mean???,NicMorseCO,FALSE,Thu Jul 26 16:41:19 +0000 2018,0,1.02252E+18,neg
73,Twitter for iPhone,"So you weren‚Äôt worried about climate change because of mass extinctions, wars, sinking islands, droughts, and sever‚Ä¶ https://t.co/o08R3WMmy7",,FALSE,Tue Oct 16 05:39:02 +0000 2018,16,1.05207E+18,neg
41,Twitter Web Client,"Live on Reddit AMA!
https://t.co/LxJALDixkz https://t.co/Q1v62w7oQB",,FALSE,Tue Dec 12 01:24:06 +0000 2017,10,9.40392E+17,neg
30,Twitter for iPhone,"#Rocktober cheat sheet:
#Rockies have 9 games left, we need to win two more games than the Cardinals (wild card) or‚Ä¶ https://t.co/r6Dy3dW8Qy",,FALSE,Sat Sep 22 23:49:41 +0000 2018,4,1.04365E+18,neg
203,Twitter for iPhone,Late night @Rockies ü§û,,FALSE,Wed Oct 03 04:25:01 +0000 2018,13,1.04734E+18,neg
19,Twitter for iPhone,"The hail came through yesterday and minced up my tomatoes üçÖ 
They‚Äôll be ok but it certainly didn‚Äôt help! https://t.co/yxqdOZcI2s",,FALSE,Tue Jun 19 15:34:56 +0000 2018,3,1.0091E+18,neg
40,Twitter for iPhone,My amendment to fix marijuana tax issue that hurts consumers and the industry blocked on 7-4 vote https://t.co/dXfyIrX8xl,,FALSE,Thu Apr 19 03:05:10 +0000 2018,26,9.86803E+17,neg
35,Twitter for iPhone,Climate change is already having a real impact right here in Colorado. Together we can reach 100% renewable energy‚Ä¶ https://t.co/XB66lRHK5A,,FALSE,Wed Mar 14 15:43:18 +0000 2018,9,9.73948E+17,neg
1,Twitter for iPhone,@MattHerdman @ShashleyQ League of Legends?,MattHerdman,FALSE,Wed Jun 06 21:52:45 +0000 2018,0,1.00448E+18,neg
30,Twitter for iPhone,"Ants use the number of steps they take to find things, so you can solve your ant problem by simply affixing tiny st‚Ä¶ https://t.co/PUwpGeekSm",,FALSE,Tue Mar 20 04:41:54 +0000 2018,9,9.75956E+17,neg
24,Twitter for iPhone,"Reducing heat waste can cut energy needs substantially 
https://t.co/PgZ1mn4RLK",,FALSE,Wed Apr 18 04:59:37 +0000 2018,8,9.86469E+17,neg
16,Twitter for iPhone,"...Said the Spirit, turning on him for the last time with his own words. ‚ÄúAre there no workhouses?‚Äù
https://t.co/3eCJ3ZD5tI",,FALSE,Thu May 10 15:43:25 +0000 2018,9,9.94604E+17,neg
2,Twitter for iPhone,@KyleClark 2/2 to lower rates. The only specific proposal I have is reducing loopholes to lower rates. To say I hav‚Ä¶ https://t.co/QMEFTMjFaQ,KyleClark,FALSE,Fri Oct 26 05:19:48 +0000 2018,1,1.05569E+18,neg
1,Twitter for iPhone,@WereGeek @PolisForCO That's what politics is these days *sigh*,WereGeek,FALSE,Tue Nov 14 20:53:04 +0000 2017,1,9.30539E+17,neg
59,Twitter for iPhone,"Real results that matter for women‚Äôs health, that is what‚Äôs at stake this election https://t.co/eeONChlioj",,FALSE,Fri Sep 07 15:09:29 +0000 2018,16,1.03808E+18,neg
43,Twitter for iPhone,"While we lost the battle, we will win the war 
https://t.co/FFbGjfz7PI",,FALSE,Fri Sep 28 02:25:38 +0000 2018,16,1.0455E+18,neg
70,Twitter for iPhone,"Legalizing #marijuana has no impact on crime rates, in some cases decreases crime
https://t.co/XaMYlHrD4t",,FALSE,Sun Sep 23 05:04:38 +0000 2018,36,1.04373E+18,neg
26,Twitter for iPhone,"Going the right way, but we need to move faster 
https://t.co/3ld5nEYpdU",,FALSE,Mon Apr 16 05:54:42 +0000 2018,6,9.85758E+17,neg
1,Twitter for iPhone,"@katiekelaidis He‚Äôs not the most physical kid, he is thinking more the dice version but will check out the site",katiekelaidis,FALSE,Fri Apr 06 15:21:56 +0000 2018,0,9.82277E+17,neg
33,Twitter for iPhone,"As 4/20 comes to a close, I want to share that despite barriers to research, data is emerging on medical #marijuana:
https://t.co/Jfc75WLEVw",,FALSE,Sat Apr 21 04:47:33 +0000 2018,13,9.87553E+17,neg
1,Twitter for iPhone,@RulesReps Are any of the bills posted?,RulesReps,FALSE,Thu Dec 21 04:50:24 +0000 2017,2,9.43705E+17,neg
4,Twitter for iPhone,Pueblo makes the WSJ! ‚ÄúFriday Is Not a School Day‚Äù https://t.co/LvSIf49r2r,,FALSE,Wed Oct 10 05:29:15 +0000 2018,0,1.04989E+18,neg
49,Twitter for iPhone,"Snow Crystals on the Ground, Dec 30th 2017,  North Boulder https://t.co/L44fX9BxuB",,FALSE,Sat Dec 30 19:24:22 +0000 2017,2,9.47187E+17,neg
272,Twitter for iPhone,"Rest In Peace, Senator John McCain üá∫üá∏",,FALSE,Sun Aug 26 00:24:45 +0000 2018,38,1.03351E+18,neg
31,Twitter for iPhone,"Will llamas cure the common cold?
https://t.co/ZqHCyVVAwt",,FALSE,Fri Nov 02 21:30:48 +0000 2018,6,1.05847E+18,neg
2,Twitter for iPhone,"@OglesbyPat @tomangell @MarijuanaMoment @RonWyden @CoryBooker I'll go with ""dogged statement of principle""",OglesbyPat,FALSE,Tue Dec 19 17:38:58 +0000 2017,1,9.43174E+17,neg
9,Twitter for iPhone,"Yes, doesn‚Äôt hurt to ask as most academics don‚Äôt bite, ‚Äòcept maybe 
https://t.co/tSij360EQ2 https://t.co/8e9VwXu2Ht",,FALSE,Sat Jul 07 19:47:59 +0000 2018,3,1.01568E+18,neg
0,Twitter for iPhone,"@Don_Manolin See you soon, Don! I wasn‚Äôt counting on Trump shutting down government",SolarManny,FALSE,Sat Jan 20 23:47:01 +0000 2018,1,9.54863E+17,neg
24,Twitter for iPhone,"I lost a friend on this highway 15 years ago, I'm glad it will be safer https://t.co/M9zTI5ErMU",,FALSE,Wed Dec 27 21:14:11 +0000 2017,2,9.46127E+17,neg
1,Twitter for iPhone,@TaraSBostick1 As I said I oppose all breed specific bans.,TaraSBostick1,FALSE,Sun Jun 10 23:48:33 +0000 2018,0,1.00596E+18,neg
1,Twitter for iPhone,"@betsydornbusch I‚Äôm not for requiring it either, just offering full day free instead of charging",betsydornbusch,FALSE,Mon May 14 23:32:26 +0000 2018,0,9.96171E+17,pos
4,Twitter for iPhone,@Aberu @CaryKennedy Pretty sure I could beat the other candidates in DOTA2 or LoL https://t.co/TQwsRhLn2S,Aberu,FALSE,Mon Jun 11 19:20:20 +0000 2018,3,1.00625E+18,pos
2,Twitter for iPhone,@max_schosid @denverpost What‚Äôs particularly odd is they were going with a narrative that I was somehow too liberal‚Ä¶ https://t.co/3PbfJuYPm9,max_schosid,FALSE,Wed Mar 07 20:54:21 +0000 2018,2,9.71489E+17,pos
10,Twitter for iPhone,"Flatworms mysteriously retain their old memories after beheading in their newly regenerated brains
https://t.co/FSlEDSIQg2",,FALSE,Sat Jun 02 06:33:47 +0000 2018,3,1.0028E+18,pos
15,Twitter for iPhone,"Written by mom, I send these words of reassurance and love out to anyone and everyone in need https://t.co/uGdnyfhtwC",,FALSE,Thu Apr 26 02:05:21 +0000 2018,3,9.89325E+17,pos
27,Twitter for iPhone,"New study shows that air pollution significantly reduces cognitive intelligence in seniors 
https://t.co/BfXJiOAK8y",,FALSE,Tue Oct 16 05:23:56 +0000 2018,17,1.05207E+18,pos
0,Twitter for iPhone,@cbiemiller @AmyOliverShow Yes hydro absolutely counts as renewable!,cbiemiller,FALSE,Fri Dec 15 01:39:07 +0000 2017,1,9.41483E+17,pos
0,Twitter for iPhone,@Rossputin @davek80514 Where would he get the idea I‚Äôm against 2nd amendment? All our gun policy ideas like red fla‚Ä¶ https://t.co/rvJx8uEKwJ,Rossputin,FALSE,Thu Jun 28 15:40:00 +0000 2018,0,1.01236E+18,pos
34,Twitter for iPhone,"‚ÄúIn many areas, the incremental cost of renewable generation is currently less than the embedded cost of existing g‚Ä¶ https://t.co/Fx3k0PRESG",,FALSE,Sat Sep 15 05:05:59 +0000 2018,7,1.04083E+18,pos
0,Twitter for iPhone,"@perkja @PolisForCO I didn‚Äôt have anything to do with the binding April 22nd, 2004 plan approved by voters:
https://t.co/kyaQXhqzOh",perkja,FALSE,Wed Jan 10 16:53:43 +0000 2018,1,9.51135E+17,pos
57,Twitter for iPhone,"#Macron ‚ÄúWe must find a smoother transition to a lower carbon economy, because what is the meaning of our life, rea‚Ä¶ https://t.co/0Rp2lnkY2j",,FALSE,Thu Apr 26 02:28:44 +0000 2018,13,9.8933E+17,pos
56,Twitter for iPhone,"The daughter of a Kentucky blacksmith, @louiseslaughter went on to study microbiology and become a pioneering membe‚Ä¶ https://t.co/fkqAI6TyYO",,FALSE,Fri Mar 16 15:16:38 +0000 2018,12,9.74666E+17,pos
1,Twitter for iPhone,@ColinIbrahim You will get a ballot for the June primary for sure! You have to be in person for assembly stuff but‚Ä¶ https://t.co/mTq092wU5i,ColinIbrahim,FALSE,Fri Jan 05 18:02:11 +0000 2018,1,9.4934E+17,pos
82,Twitter for iPhone,"The largest geothermal heating system in the US is in Boise, Idaho heating about a third of the downtown and saving‚Ä¶ https://t.co/uxD6XS0omZ",,FALSE,Sun Aug 19 05:06:08 +0000 2018,23,1.03104E+18,pos
13,Twitter for iPhone,"In ten billion years, our sun will collapse into a ‚Äúmassive ring of luminous, interstellar gas and dust‚Äù
https://t.co/qZmT22pMv2",,FALSE,Tue May 08 03:37:45 +0000 2018,4,9.93696E+17,pos
15,Twitter for iPhone,"Our family will be visiting one of Colorado's natural hot springs!
https://t.co/covTg5cUtE https://t.co/mS8XqTAWIA",,FALSE,Fri Dec 22 21:55:09 +0000 2017,4,9.44325E+17,pos
16,Twitter for iPhone,"President Trump standing in way of DACA, border deal https://t.co/0zZGtqk5zP",,FALSE,Sun Apr 08 20:55:44 +0000 2018,9,9.83086E+17,pos
4,Twitter for iPhone,"@kisutchgirl .We got the water bears out in force!
Tardigrades for Polis! https://t.co/0o6wMzIeGE",kisutchgirl,FALSE,Mon Sep 24 15:23:33 +0000 2018,0,1.04425E+18,pos
5,Twitter for iPhone,@IzzyDew https://t.co/upY2IFSFJj,IzzyDew,FALSE,Wed Sep 12 22:18:27 +0000 2018,4,1.04E+18,pos
130,Twitter for iPhone,‚ùÑÔ∏è üòÄ https://t.co/OPNVT076bq,,FALSE,Sun Oct 14 19:49:03 +0000 2018,15,1.05156E+18,pos
58,Twitter for iPhone,Congratulations to @fortcollinsgov for joining the growing number of #colorado cities w bold climate goals to achie‚Ä¶ https://t.co/CVYleGIyTu,,FALSE,Wed Oct 03 05:06:59 +0000 2018,8,1.04735E+18,pos
226,Twitter for iPhone,"Places of worship should be places of sanctuary. It is horrifying to know that, yet again, Americans simply practic‚Ä¶ https://t.co/wX8kXAeLU3",,FALSE,Sat Oct 27 15:51:40 +0000 2018,72,1.05621E+18,pos
0,Twitter for iPhone,@CASBguy Thanks for the heads up!,narahari,FALSE,Fri Jan 12 23:15:13 +0000 2018,1,9.51956E+17,pos
0,Twitter for iPhone,@AllysonDowney Please follow my official twitter @RepJaredPolis we did a press conference today of fathers in Congr‚Ä¶ https://t.co/GYD0gWhLLD,AllysonDowney,FALSE,Thu Jun 14 18:38:48 +0000 2018,0,1.00733E+18,pos
1,Twitter for iPhone,"@AmyOliverShow @denverpost Nope it's entirely correct. It says ""Polis targets 100 percent renewable energy in Color‚Ä¶ https://t.co/34NMQT8uWr",AmyOliverShow,FALSE,Thu Dec 14 19:37:49 +0000 2017,2,9.41392E+17,pos
117,Twitter for iPhone,◊î◊©◊ù ◊ô◊ß◊ï◊ù ◊ì◊û◊ù https://t.co/29YxeUZE9k,,FALSE,Sun Oct 28 14:46:49 +0000 2018,29,1.05656E+18,pos
52,Twitter for iPhone,Seasonal selfie at the mall https://t.co/ODSPRnyUAS,,FALSE,Fri Nov 24 21:01:03 +0000 2017,6,9.34165E+17,pos
56,Twitter for iPhone,Happy Passover! I‚Äôm having a delicious Passover lunch at Zaidy‚Äôs in Denver! https://t.co/HWKQ7b4XHf,,FALSE,Thu Apr 05 19:09:51 +0000 2018,4,9.81972E+17,pos
3,Twitter for iPhone,@ashmidesai @nothingbutnets @PMIgov @GlobalFund @UN Thanks for your advocacy!,ashmidesai,FALSE,Wed Aug 15 19:23:59 +0000 2018,1,1.02981E+18,pos
13,Twitter for iPhone,"As investor confidence increases, the cost of financing solar energy decreases
https://t.co/3LD8AkuyHB",,FALSE,Tue Apr 24 05:33:02 +0000 2018,8,9.88652E+17,pos
19,Twitter for iPhone,"Congrats to @IanxFitzpatrick on his upcoming wedding, but also for (after I got six hits) striking me out https://t.co/sa5X4DkUn4",,FALSE,Sat Jun 09 23:11:49 +0000 2018,4,1.00559E+18,pos
1,Twitter for iPhone,@RedDirtCyclone Good for the viruses and bacteria!,RedDirtCyclone,FALSE,Sat Dec 16 02:18:36 +0000 2017,1,9.41855E+17,pos
1,Twitter for iPhone,"@Sheena_Kadi TONIGHT IS CAUCUS!!! TONIGHT IS CAUCUS!!! TONIGHT IS CAUCUS!!!
Sorry couldn‚Äôt resist, but thanks for l‚Ä¶ https://t.co/hyvL9pJfbD",Sheena_Kadi,FALSE,Tue Mar 06 21:06:35 +0000 2018,0,9.7113E+17,pos
0,Twitter for iPhone,"@DebraRaeShort Honored to work on many issues with Bernie Sanders such as employee ownership 
https://t.co/oIJAuQky0t",,FALSE,Mon Apr 30 01:25:44 +0000 2018,2,9.90764E+17,pos
113,Twitter for iPhone,We locked up the critical water bear demo! https://t.co/K9pGmQroa5,,FALSE,Mon Sep 24 15:24:29 +0000 2018,18,1.04425E+18,pos
0,Twitter for iPhone,@WereGeek @SenBennetCO It just lists all the Jewish members of Congress and claims they are all Israelis. It‚Äôs like‚Ä¶ https://t.co/moqvIO5iZW,WereGeek,FALSE,Sun Apr 08 18:17:28 +0000 2018,0,9.83046E+17,pos
2,Twitter for iPhone,"@Aberu Im also proud of our plan to get to 100% renewable energy by 2040 and endorsement of @SierraClubCO 
https://t.co/MX9ZHpIfx7",Aberu,FALSE,Mon Jun 11 20:41:29 +0000 2018,1,1.00628E+18,pos
1,Twitter for iPhone,@IanxFitzpatrick @PolisForCO @Rockies Thanks for the RBIs! Now get two more for the Rockies tonight!,IanxFitzpatrick,FALSE,Thu Sep 13 03:03:49 +0000 2018,0,1.04007E+18,pos
171,Twitter for iPhone,"Green energy not only means cleaner air and doing our part on climate, it also saves money!
https://t.co/PguMxR3UQW",,FALSE,Mon Aug 27 01:37:30 +0000 2018,66,1.03389E+18,pos
1,Twitter for iPhone,@JonCaldara It will save us money by reducing unnecessary regulations and barriers to distributed solar and storage,JonCaldara,FALSE,Thu Dec 14 18:09:08 +0000 2017,1,9.41369E+17,pos
1,Twitter for iPhone,"@roger_hamilton I‚Äôm sponsoring a bill to stop the separation of children from their parents at the border, and spon‚Ä¶ https://t.co/XonDC54SmT",roger_hamilton,FALSE,Sun Jun 17 22:31:43 +0000 2018,0,1.00848E+18,pos
2,Twitter for iPhone,@tomlucero1 @SenatorGrantham @SenatorBrophy I never forget a debt and I always make good,tomlucero1,FALSE,Sun Oct 07 18:37:47 +0000 2018,0,1.04901E+18,pos
29,Twitter for iPhone,"Together we can protect some of Colorado‚Äôs most amazing areas, enhance recreational opportunities, and help grow ou‚Ä¶ https://t.co/HLVxAQl28i",,FALSE,Thu Jan 25 06:56:34 +0000 2018,6,9.56421E+17,pos
579,Twitter for iPhone,"While @united has gotten a lot of bad press recently, much of it deserved, I think they made the right call on this‚Ä¶ https://t.co/y7rOZBQvJf",,FALSE,Wed Jan 31 04:37:05 +0000 2018,114,9.5856E+17,pos
1,Twitter for iPhone,"@Binkley_Paul Thx for being a teacher!
How to increase funding for teacher pay, smaller classes, free full day Pre-‚Ä¶ https://t.co/s0ppzcciIM",Binkley_Paul,FALSE,Wed Jun 13 17:43:19 +0000 2018,0,1.00696E+18,pos
0,Twitter for iPhone,"@EllisFan14 We won‚Äôt agree on everything, but I do my best to form thoughtful, well-informed decisions. Maybe we wi‚Ä¶ https://t.co/aqgAKKbO3p",EllisFan14,FALSE,Thu Sep 27 19:31:26 +0000 2018,0,1.0454E+18,pos
6,Twitter for iPhone,@mfcannon @ariarmstrong @JonCaldara Great idea! It‚Äôs a terrific book!,mfcannon,FALSE,Thu Oct 25 13:46:50 +0000 2018,4,1.05546E+18,pos
276,Twitter for iPhone,.@realDonaldTrump pls stop your loser Attorney General from making you look weak and undermining you by putting big‚Ä¶ https://t.co/Ekx7wrWkUl,,FALSE,Thu Jan 04 17:49:30 +0000 2018,80,9.48975E+17,pos
13,Twitter for iPhone,Study found that egos get bigger after meditation and yoga. I believe it‚Äôs an ‚Äúobserver effect‚Äù in which the knowle‚Ä¶ https://t.co/xwh5g8N0iB,,FALSE,Mon Jun 18 05:25:52 +0000 2018,3,1.00858E+18,pos
34,Twitter for iPhone,I hear #laurel but I‚Äôd rather hear @Yanni https://t.co/vG0csuv4DZ,,FALSE,Wed May 16 22:07:08 +0000 2018,3,9.96875E+17,pos
96,Twitter for iPhone,"And just like that, the Rockies take first place! #Rocktober https://t.co/a0xWKmgyje",,FALSE,Tue Sep 04 04:51:17 +0000 2018,8,1.03684E+18,pos
7,Twitter for iPhone,"A solar-powered animal!
https://t.co/M6JtwHoNux",,FALSE,Sun May 06 05:57:30 +0000 2018,3,9.93007E+17,pos
101,Twitter for iPhone,"For my Jewish friends on Erev Rosh Hashanah, may this year be filled with joy, health, gratitude, harmony, and the‚Ä¶ https://t.co/caTXBosf61",,FALSE,Sun Sep 09 22:45:24 +0000 2018,10,1.03892E+18,pos
90,Twitter for iPhone,"Congrats to Scotland for achieving 68.1% renewable energy!
https://t.co/lPMoXtA4r6",,FALSE,Thu Apr 05 04:58:13 +0000 2018,22,9.81758E+17,pos
0,Twitter for iPhone,@JonCaldara Let me be entirely clear: my goal of achieving energy independence for CO does.not.rely.on.or.have.a.po‚Ä¶ https://t.co/LKKnlzze6K,JonCaldara,FALSE,Thu Dec 14 18:08:23 +0000 2017,1,9.41369E+17,pos
0,Twitter for iPhone,"@Sheena_Kadi Yeah I let my ‚Äòstache grow out in DC this week, ready to shave",Sheena_Kadi,FALSE,Fri Apr 27 20:43:56 +0000 2018,0,9.89968E+17,pos
0,Twitter for iPhone,@Malinalarimar https://t.co/9qbB2pzkdk,Malinalarimar,FALSE,Wed May 09 10:15:23 +0000 2018,0,9.94159E+17,pos
1,Twitter for iPhone,@dickgazenya @PolisForCO @RepJaredPolis @polisforcolorado is gubernatorial campaign Twitter!,dickgazenya,FALSE,Wed Oct 03 04:22:04 +0000 2018,0,1.04734E+18,pos
141,Twitter for iPhone,"It‚Äôs absurd to say that any party, person, or idea is ‚Äúwinning‚Äù the shutdown fight; everyone is losing: The Preside‚Ä¶ https://t.co/WFzJA6jIml",,FALSE,Sun Jan 21 20:12:05 +0000 2018,30,9.55171E+17,pos
1,Twitter for iPhone,"@MadBerenson She‚Äôs an intern doing her best, phones are ringing off the hook given the crisis in our republic. We a‚Ä¶ https://t.co/Poe8xnY58q",MadBerenson,FALSE,Tue Jul 17 15:13:46 +0000 2018,0,1.01924E+18,pos
1,Twitter for iPhone,@basicallyBekka https://t.co/qkKlV9wra3,basicallyBekka,FALSE,Mon Feb 19 23:15:07 +0000 2018,1,9.65726E+17,pos
1,Twitter for iPhone,@RobertWestpha20 https://t.co/YJtCxoyjSH,RobertWestpha20,FALSE,Mon Sep 24 18:23:53 +0000 2018,0,1.04429E+18,pos
8,Twitter for iPhone,@BrandonRittiman Best of luck in your future endeavors!,BrandonRittiman,FALSE,Fri Jun 29 17:07:58 +0000 2018,0,1.01274E+18,pos
29,Twitter for iPhone,"Share yours!
#HaikusToSaveTheInternet #NetNeutraility https://t.co/TXpdB30adu",,FALSE,Fri Dec 08 23:09:04 +0000 2017,12,9.39271E+17,pos
31,Twitter for iPhone,"New breakthrough for solar: tech able to use near-infrared (currently wasted) light as energy adds to efficiency 
https://t.co/fEfMXE1Mj0",,FALSE,Thu Apr 26 02:19:34 +0000 2018,11,9.89328E+17,pos
1,Twitter for iPhone,@stealthisbook Best response ever!,stealthisbook,FALSE,Tue May 15 02:57:39 +0000 2018,0,9.96223E+17,pos
0,Twitter for iPhone,@sully_N Sorry they are supposed to stop by then! Our volunteers are very excited üòä,sully_N,FALSE,Thu Sep 27 02:51:23 +0000 2018,0,1.04514E+18,pos
17,Twitter for iPhone,"Red-state Democrats realizing that #marijuana reform is more popular than Democratic brand, featuring my friend‚Ä¶ https://t.co/nzV0YNEOiJ",,FALSE,Tue Feb 06 15:58:36 +0000 2018,7,9.60906E+17,pos
0,Twitter for iPhone,"@mhurw24 @hulu If it wasn‚Äôt me, it would just be some other ad. I try to be entertaining ü§°",mhurw24,FALSE,Wed Oct 03 14:20:46 +0000 2018,0,1.04749E+18,pos
1,Twitter for iPhone,@arik_funke https://t.co/qkKlV9wra3,arik_funke,FALSE,Mon Feb 19 23:14:59 +0000 2018,1,9.65726E+17,pos
2,Twitter for iPhone,"@tomlucero1 @SenatorGrantham @SenatorBrophy I owe u a beer too, Tom",tomlucero1,FALSE,Sun Oct 07 18:27:41 +0000 2018,0,1.049E+18,pos
0,Twitter for iPhone,@JonCaldara Can't you read past the headline? Where do I ever talk about expanding RPS to 100%? My policies are pro‚Ä¶ https://t.co/8eBSXFonPg,JonCaldara,FALSE,Thu Dec 14 18:03:12 +0000 2017,1,9.41368E+17,pos
12,Twitter for iPhone,@ConwayTweaty .... but the world must know!,ConwayTweaty,FALSE,Wed Dec 27 06:38:50 +0000 2017,1,9.45907E+17,pos
1,Twitter for iPhone,"@Sheena_Kadi I‚Äôm going to start when I hit 100.
We did take the kids recently to
https://t.co/zl7eN7E182",Sheena_Kadi,FALSE,Wed Apr 11 03:37:15 +0000 2018,0,9.83912E+17,pos
19,Twitter for iPhone,"Was hoping this was a crystal that could help us time travel, oh well it‚Äôs still pretty cool and mysterious 
https://t.co/meGOAe2TSw",,FALSE,Thu May 03 05:31:42 +0000 2018,4,9.91913E+17,pos
25,Twitter for iPhone,Glad to have @brothajeff on #TeamJared! Let‚Äôs get this done! https://t.co/OkJ1UJ2xsA,,FALSE,Mon Jun 04 22:18:51 +0000 2018,7,1.00376E+18,pos
29,Twitter for iPhone,Welcome back Matt Holliday! #Rockies https://t.co/rZHnsSwjCC,,FALSE,Thu Aug 23 23:03:41 +0000 2018,3,1.03277E+18,pos
85,Twitter for iPhone,Collecting my first signatures on my petition to get my name on the ballot for Governor! This morning at‚Ä¶ https://t.co/uZIcL5IjS7,,FALSE,Tue Jan 16 15:01:54 +0000 2018,12,9.53281E+17,pos
42,Twitter for iPhone,You ARE ‚ÄúAmerica‚Äôs Sweetheart‚Äù @Adaripp Adam Rippon- thank you for representing our whole nation w your athletic an‚Ä¶ https://t.co/FCnb8OafI6,,FALSE,Wed Feb 14 15:49:49 +0000 2018,12,9.63802E+17,pos
33,Twitter for iPhone,@ByJohnFrank Three generations of Incredibles https://t.co/wPVKkYQ7M9,ByJohnFrank,FALSE,Wed Oct 31 22:39:38 +0000 2018,2,1.05776E+18,pos
244,Twitter for iPhone,"A former Governor, and, if you vote, a future governor ;) https://t.co/U7AnkLd11V",,FALSE,Sat Oct 27 22:31:46 +0000 2018,33,1.05631E+18,pos
0,Twitter for iPhone,"@KonasMama Here is my stance:
https://t.co/R9bgPSUKv7",KonasMama,FALSE,Fri Jun 08 22:46:43 +0000 2018,0,1.00522E+18,pos
1,Twitter for iPhone,@benkutcher https://t.co/S4sIb6H0Oe,benkutcher,FALSE,Fri Mar 09 07:44:07 +0000 2018,2,9.72015E+17,pos
1,Twitter for iPhone,@JoeStGeorge  https://t.co/JlIQBxT5zW,JoeStGeorge,FALSE,Tue Jan 23 23:15:02 +0000 2018,1,9.55942E+17,pos
2,Twitter for iPhone,@leora_greene @pweiser Thank YOU for making a difference with your exercise!,leora_greene,FALSE,Sat Nov 03 01:13:25 +0000 2018,0,1.05853E+18,pos
0,Twitter for iPhone,@sully_N @PolisForCO Yes the new ppl moving here also increase the need for infrastructure and roads and wear and t‚Ä¶ https://t.co/So7a6mDuHt,sully_N,FALSE,Thu Sep 27 02:52:21 +0000 2018,0,1.04514E+18,pos
17,Twitter for iPhone,"Printed homes?
‚ÄúThe method will also cut costs and environmental damage‚Äù
https://t.co/ZlF8fdfHeL",,FALSE,Sun Jun 10 04:48:59 +0000 2018,8,1.00567E+18,pos
14,Twitter for iPhone,@PopulismUpdates @IAmKrishanPatel I love @tmbg,PopulismUpdates,FALSE,Wed Oct 31 13:39:28 +0000 2018,4,1.05763E+18,pos
8,Twitter for iPhone,"Such a fun headline to read just in time for spring and summer! üò≥
https://t.co/AyVe0MhT2o",,FALSE,Wed May 02 04:57:39 +0000 2018,3,9.91542E+17,pos
39,Twitter for iPhone,"Only read this if you want nightmares or are looking for inspiration for a horror film screenplay
https://t.co/HXwRoUqaLq",,FALSE,Sun Sep 30 02:40:03 +0000 2018,10,1.04623E+18,pos
551,Twitter for iPhone,Glad to see someone take over my role as the only League of Legend gamer Member of Congress https://t.co/OZYcpZM5Q9,,FALSE,Mon Oct 15 01:54:19 +0000 2018,57,1.05165E+18,pos
5,Twitter for iPhone,"@Carleeinco22 Personally I support moving forward w impeachment
https://t.co/km1fCKGWAL",Carleeinco22,FALSE,Wed Jun 20 05:50:24 +0000 2018,2,1.00931E+18,pos
167,Twitter for iPhone,"I knew it!
https://t.co/aPPnVvtxNC",,FALSE,Sat Jul 07 03:51:21 +0000 2018,28,1.01544E+18,pos
524,Twitter for iPhone,Thank you for all the amazing congratulatory tweets! Onwards to November! Here‚Äôs my favorite text I got tonight fro‚Ä¶ https://t.co/eNELaFRbHx,,FALSE,Wed Jun 27 05:35:43 +0000 2018,80,1.01185E+18,pos
90,Twitter for iPhone,Walker Stapleton said ‚ÄúMental health is a manifestation of legalized marijuana.‚Äù And now his special interest allie‚Ä¶ https://t.co/wqhLV2sjXt,,FALSE,Thu Oct 18 21:35:42 +0000 2018,33,1.05304E+18,pos
29,Twitter for iPhone,"‚ÄúGoblin‚Äù is a much better name to market the newly discovered dwarf planet than 2015 TG387
https://t.co/hKxfuyFGLT",,FALSE,Wed Oct 03 00:04:38 +0000 2018,2,1.04728E+18,pos
92,Twitter for iPhone,https://t.co/tSbBfoVpCL,,FALSE,Thu Jun 14 22:27:23 +0000 2018,3,1.00739E+18,pos
0,Twitter for iPhone,@UcResistance https://t.co/N983wDRXoZ,UcResistance,FALSE,Mon Oct 22 04:13:46 +0000 2018,0,1.05422E+18,pos
1,Twitter for iPhone,@hajime_no_dusty Any suggestions on our videos? Better me than a car or mattress you won‚Äôt buy anyway ;),hajime_no_dusty,FALSE,Sat Sep 22 23:24:12 +0000 2018,0,1.04364E+18,pos
0,Twitter for iPhone,@AKlineinCO It's a retweet. I retweet many interesting articles from different idealogical perspectives. Retweets do not = endorsement,AKlineinCO,FALSE,Sun Dec 24 07:03:46 +0000 2017,1,9.44826E+17,pos
12,Twitter for iPhone,"What a fascinating concise recent informing article! 
https://t.co/AtwBKjE1Dg",,FALSE,Sun Aug 12 20:59:47 +0000 2018,4,1.02875E+18,pos
6,Twitter for iPhone,Ssshhhhhhh! https://t.co/ZEQFayQY8d,,FALSE,Sat Apr 07 06:06:05 +0000 2018,5,9.825E+17,pos
1701,Twitter for iPhone,Thank you Colorado! One more day! https://t.co/pPCApV6Nhe,,FALSE,Tue Nov 06 03:22:26 +0000 2018,116,1.05965E+18,pos
1,Twitter for iPhone,@ImNotTan Terrier mix!,misoTall_86,FALSE,Thu Jul 12 04:56:34 +0000 2018,0,1.01727E+18,pos
8,Twitter for iPhone,Thank you @RepTomReed and other brave Republicans helping Democrats break the gridlock that prevents us from acting‚Ä¶ https://t.co/DVXYGpFxZk,,FALSE,Fri May 25 00:01:39 +0000 2018,7,9.99803E+17,pos
18,Twitter for iPhone,"Hopeful new tech like this will pan out to trap greenhouse gasses, combat climate change
https://t.co/OPv4kGae4T",,FALSE,Mon Jun 11 06:13:14 +0000 2018,7,1.00606E+18,pos
13,Twitter for iPhone,"Human presence can be more dangerous to wildlife than high levels of (also human-caused) radiation
https://t.co/9JfOjBYkfW",,FALSE,Wed Mar 21 04:29:32 +0000 2018,5,9.76315E+17,pos
89,Twitter for iPhone,"And in the good news department: The successful conservation efforts that restored our national bird, the bald eagle
https://t.co/olaWiefrgk",,FALSE,Mon Oct 08 04:03:48 +0000 2018,23,1.04915E+18,pos
38,Twitter for iPhone,"The more the merrier!
https://t.co/F8joF121RZ",,FALSE,Sun May 20 05:16:50 +0000 2018,8,9.9807E+17,pos
0,Twitter for iPhone,@KelseyFritz1 Thanks for all the great turnout work you are doing!,,FALSE,Mon Jun 11 01:12:20 +0000 2018,1,1.00598E+18,pos
1,Twitter for iPhone,"@MollyElaineB Source:
https://t.co/MWw13iB2BG https://t.co/UR4ubH2hFk",MollyElaineB,FALSE,Fri Jun 22 00:17:03 +0000 2018,0,1.00995E+18,pos
1,Twitter for iPhone,@BradMcHargue I am teaching him that the younger (almost) always beat their elders in video games,BradMcHargue,FALSE,Mon May 28 02:00:49 +0000 2018,0,1.00092E+18,pos
0,Twitter for iPhone,@Rossputin Well at least he's consistent! ;),Rossputin,FALSE,Wed Nov 29 21:07:37 +0000 2017,1,9.35979E+17,pos
1,Twitter for iPhone,"@sljks @WalkerStapleton I‚Äôve worked hard for Summit County, most recently getting helicopter safety law signed to p‚Ä¶ https://t.co/DYaxMOq0QC",sljks,FALSE,Mon Oct 29 04:26:56 +0000 2018,0,1.05676E+18,pos
20,Twitter for iPhone,"Congrats to @paulmromer to whom I owe a dinner, and also check out his amazing concept framework for charter cities‚Ä¶ https://t.co/XaR1vw3knS",,FALSE,Mon Oct 08 15:46:06 +0000 2018,7,1.04933E+18,pos
1,Twitter for iPhone,"@thenakedrant I try to keep politics off this feed most of the time, if you want to follow my gubernatorial run fol‚Ä¶ https://t.co/WOovLzMXk6",thenakedrant,FALSE,Sun Jul 01 13:22:24 +0000 2018,0,1.01341E+18,pos
2,Twitter for iPhone,@IanxFitzpatrick Not a bad arm! Congrats on your upcoming wedding!,IanxFitzpatrick,FALSE,Sun Jun 10 00:08:16 +0000 2018,1,1.0056E+18,pos
2,Twitter for iPhone,@WereGeek Which version does better will stand as commentary on society,WereGeek,FALSE,Sat Feb 03 02:58:25 +0000 2018,1,9.59622E+17,pos
20,Twitter for iPhone,"Bacteria can poo gold! 
https://t.co/s1FcxBONMh",,FALSE,Sat Feb 03 02:46:09 +0000 2018,7,9.59619E+17,pos
10,Twitter for iPhone,"Cloning seldom works out in the long run, genetic diversity critical for resiliency to climate change, infections,‚Ä¶ https://t.co/nxkNnGyKe5",,FALSE,Tue Feb 06 18:56:54 +0000 2018,6,9.6095E+17,pos
29,Twitter for iPhone,"I usually have nostalgia for 80s reruns, but not this one! https://t.co/E2Igqoi3m3",,FALSE,Tue May 08 16:07:12 +0000 2018,4,9.93885E+17,pos
47,Twitter for iPhone,"Intersting gift for *some* people I know üòá
https://t.co/iwEN1VFmgw",,FALSE,Sat Oct 13 04:57:53 +0000 2018,6,1.05097E+18,pos
0,Twitter for iPhone,@IanxFitzpatrick @PolisForCO @Rockies ... and well done!!! üòé,jaredpolis,FALSE,Thu Sep 13 04:07:57 +0000 2018,0,1.04009E+18,pos
16,Twitter for iPhone,"From https://t.co/TFWVQxm5dL 
Looks good so far! https://t.co/N4eL2okyal",,FALSE,Wed Nov 08 01:02:10 +0000 2017,4,9.28065E+17,pos
1,Twitter for iPhone,"@teamweissmann @ChadPergram Chad is the hardest working, most diligent journalist on the hill. He is frequently the‚Ä¶ https://t.co/CMk6yeXzBK",teamweissmann,FALSE,Fri Sep 28 19:24:27 +0000 2018,0,1.04576E+18,pos
1,Twitter for iPhone,@TJRunsFar With new ideas for our state and creative problem solving!,TJRunsFar,FALSE,Wed Jul 18 23:39:11 +0000 2018,0,1.01973E+18,pos
118,Twitter for iPhone,My great grandfather came to this country as an out-of-work tailor and sold rags on the streets of NYC. The MERIT w‚Ä¶ https://t.co/N3BXwVFI1q,,FALSE,Sun Jan 14 18:59:25 +0000 2018,43,9.52616E+17,pos
31,Twitter for iPhone,"Pushing back against the latest federal attempt to crack down on #kratom
https://t.co/wWM4h60lWU",,FALSE,Thu Dec 14 17:35:21 +0000 2017,17,9.41361E+17,pos
213,Twitter for iPhone,The lowest elevation in Colorado (Yuma County near Kansas Border) is still higher than the highest elevation in Min‚Ä¶ https://t.co/UTIvv816eQ,,FALSE,Sat Sep 01 04:47:38 +0000 2018,17,1.03575E+18,pos
9,Twitter for iPhone,"üò•
https://t.co/Mgl6Ajt3Wl",,FALSE,Tue Mar 20 04:56:50 +0000 2018,12,9.75959E+17,pos
64,Twitter for iPhone,The cool weather today... best #DenverPride ever!,,FALSE,Sun Jun 17 14:14:36 +0000 2018,4,1.00835E+18,pos
0,Twitter for iPhone,"@AmyOliverShow @MediaHudson I believe @joncaldara is first to ""report"" that I support an increase in our Renewable‚Ä¶ https://t.co/iMBGtwy2iX",AmyOliverShow,FALSE,Thu Dec 14 19:27:46 +0000 2017,1,9.41389E+17,pos
87,Twitter for iPhone,"It always makes my day when a new species of blind eel that burrows through the soil is discovered!
https://t.co/XNZDqgcVBM",,FALSE,Fri Sep 21 21:19:41 +0000 2018,15,1.04325E+18,pos
28,Twitter for iPhone,#copols #copolitics #Colorado https://t.co/3etPlIAn9J,,FALSE,Tue Jan 16 15:09:41 +0000 2018,3,9.53283E+17,pos
40,Twitter for iPhone,Happy Passover! https://t.co/ik1ngjRMr9,,FALSE,Fri Mar 30 23:43:05 +0000 2018,4,9.79867E+17,pos
27,Twitter for iPhone,Very real health reasons that the transition to renewable energy is so important https://t.co/ACy0VEsHID,,FALSE,Tue May 08 04:03:41 +0000 2018,10,9.93703E+17,pos
116,Twitter for iPhone,"Many gemstones can be found here in Colorado including aquamarine, amazonite, rhodochrosite, smoky quartz, and even‚Ä¶ https://t.co/nNhdqNjQ0q",,FALSE,Sun Sep 16 05:54:07 +0000 2018,15,1.0412E+18,pos
184,Twitter for iPhone,"Oliver North, new President of the NRA, had his concealed carry license revoked by a judge who determined he was ""not of good character‚Äù",,FALSE,Mon May 07 21:34:57 +0000 2018,80,9.93605E+17,pos
2,Twitter for iPhone,@Wordmonk @tylersilvy @greeleygov @VitalforColo @GreeleyTribune @jerisheplaw Maybe ya‚Äôll just think I‚Äôm more handso‚Ä¶ https://t.co/W4tqV3xPwb,Wordmonk,FALSE,Thu Jan 18 15:35:04 +0000 2018,1,9.54014E+17,pos
7,Twitter for iPhone,@KimbieT https://t.co/1b64encR56,KimbieT,FALSE,Mon May 07 22:05:06 +0000 2018,0,9.93613E+17,pos
201,Twitter for iPhone,Love getting random texts from my six year old son. He apparently thinks I‚Äôd make a great bumblebee. üêù https://t.co/gHotNZX2DB,,FALSE,Fri Sep 28 01:53:13 +0000 2018,14,1.04549E+18,pos
0,Twitter for iPhone,"@Aberu @CaryKennedy @DOTA2 Yes haven‚Äôt had time to play lately with two kids, a day job in Congress and the campaign it‚Äôs true!",Aberu,FALSE,Mon Jun 11 19:39:10 +0000 2018,0,1.00626E+18,pos
37,Twitter for iPhone,"Life advice: Don‚Äôt go to this island. Ever.
https://t.co/5HN45ocQxi",,FALSE,Thu Jul 19 00:31:43 +0000 2018,7,1.01974E+18,pos
1,Twitter for iPhone,"@Aberu Check out my positions here:
https://t.co/DFSriIyCi2",Aberu,FALSE,Mon Jun 11 19:41:46 +0000 2018,0,1.00626E+18,pos
1,Twitter for iPhone,@Victoria_Iamurr @PolisForCO Will do! Thank you for your support!,Victoria_Iamurr,FALSE,Wed Mar 14 00:45:00 +0000 2018,0,9.73722E+17,pos
0,Twitter for iPhone,@Rossputin @davek80514 Happy to work with @davek80514 and others on policies to protect our rights and reduce gun violence,Rossputin,FALSE,Thu Jun 28 15:52:22 +0000 2018,0,1.01236E+18,pos
68,Twitter for iPhone,"Congrats to Colorado native @paulmromer on sharing a Nobel Prize in Economics, his more recent and exciting concept‚Ä¶ https://t.co/vKmnCcNzj0",,FALSE,Mon Oct 08 15:50:36 +0000 2018,11,1.04933E+18,pos
118,Twitter for iPhone,We need to fix our broken immigration system and create a pathway for hardworking aspiring Americans to become citi‚Ä¶ https://t.co/Yp54ikIRkW,,FALSE,Tue Oct 30 19:20:33 +0000 2018,17,1.05735E+18,pos
333,Twitter for iPhone,"Humans created brussels sprouts, cabbage, kale, broccoli, cauliflower, and German turnips through selective breedin‚Ä¶ https://t.co/m2gsa8NMxm",,FALSE,Thu Sep 27 03:48:46 +0000 2018,114,1.04516E+18,pos
2,Twitter for iPhone,"@arpurdy Thanks for checking in! Don‚Äôt believe negative attack ads here‚Äôs my record:
https://t.co/6GST3sU2qn",arpurdy,FALSE,Tue Jun 12 02:26:46 +0000 2018,0,1.00636E+18,pos
0,Twitter for iPhone,@ColoradoHOA @PolisForCO Any ideas on the HOA front? What statutory changes would help?,ColoradoHOA,FALSE,Sat Nov 25 17:27:44 +0000 2017,1,9.34474E+17,pos
11,Twitter for iPhone,"Saddened to hear of the passing of Arvada West alum, MLB all-star Roy Halladay
https://t.co/O1sj7C3TKL",,FALSE,Wed Nov 08 01:34:51 +0000 2017,3,9.28073E+17,pos
1,Twitter for iPhone,@IanxFitzpatrick Game on! No way you‚Äôll strike me out. I‚Äôll give you two innings (six at bats) to try. Jefferson Hi‚Ä¶ https://t.co/zBLvSu4bpN,IanxFitzpatrick,FALSE,Tue Jun 05 15:46:09 +0000 2018,0,1.00403E+18,pos
14,Twitter for iPhone,"Junk food can actually be addictive üå≠üçüüç∞üç≠üç¶üç©üç™ 
https://t.co/LdWB6Q4q3v",,FALSE,Fri Sep 21 04:48:13 +0000 2018,7,1.043E+18,pos
3,Twitter for iPhone,"@ariarmstrong Nuclear has zero carbon emissions and would count towards a 100% goal,  but is not currently part of‚Ä¶ https://t.co/hglZUliFs8",ariarmstrong,FALSE,Sun May 20 17:57:41 +0000 2018,1,9.98261E+17,pos
51,Twitter for iPhone,Getting some deicious tamales in Denver in between events https://t.co/uftZMGfEaZ,,FALSE,Mon Nov 20 18:04:47 +0000 2017,2,9.32671E+17,pos
1,Twitter for iPhone,@jarrodindenver We need to inspire and excite ppl! I think many in Denver were turned off by nasty school board race,jarrodindenver,FALSE,Wed Nov 08 16:05:33 +0000 2017,1,9.28292E+17,pos
0,Twitter for iPhone,@ColoradoPaco Candidate forum in Broomfield this evening! Look forward to seeing you soon in Greeley!,ColoradoPaco,FALSE,Tue Apr 10 02:54:27 +0000 2018,0,9.83539E+17,pos
34,Twitter for iPhone,"Not just some schmo, the former director of the CIA
https://t.co/bpghbmSWNs",,FALSE,Thu Mar 22 02:46:45 +0000 2018,17,9.76651E+17,pos
181,Twitter for iPhone,"First take away their markets and livelihood, then show up with bundles of cash to buy loyalty and dependency... Tr‚Ä¶ https://t.co/ivpJ3rvxuN",,FALSE,Mon Sep 24 05:35:38 +0000 2018,69,1.0441E+18,pos
33,Twitter for iPhone,"Saddened by the passing of one of my all time favorite science fiction/fantasy authors Ursula K. Le Guin
https://t.co/X89K5Z9RHR",,FALSE,Tue Jan 23 23:51:40 +0000 2018,6,9.55951E+17,pos
33,Twitter for iPhone,The independent voice of the media is critical to help keep politicians and corporations honest. The emptying out o‚Ä¶ https://t.co/8kKOUPZbFV,,FALSE,Sat May 05 03:28:40 +0000 2018,11,9.92607E+17,pos
10,Twitter for iPhone,@ByJohnFrank Looks like it will be Mr. Incredible... photos soon,ByJohnFrank,FALSE,Wed Oct 31 20:47:46 +0000 2018,0,1.05774E+18,pos
48,Twitter for iPhone,"Today is the vernal equinox, the first day of Spring! Happy Spring! ü¶ãüå∑üåûüå¶",,FALSE,Tue Mar 20 17:26:49 +0000 2018,13,9.76148E+17,pos
32,Twitter for iPhone,"New study finds that puppies are cutest at eight weeks old 
https://t.co/O7JyJZO01K",,FALSE,Wed May 16 03:40:23 +0000 2018,2,9.96596E+17,pos
1,Twitter for iPhone,"@guyfromcolorado Should be fixed now, thanks for heads up!",guyfromcolorado,FALSE,Thu Jan 04 14:10:45 +0000 2018,1,9.4892E+17,pos
7,Twitter for iPhone,@CPRverlee I‚Äôm not a typical candidate! ;),CPRverlee,FALSE,Fri Sep 21 21:26:16 +0000 2018,0,1.04325E+18,pos
43,Twitter for iPhone,Doesn‚Äôt explain why my six year old likes broccoli and cauliflower but my four year old only likes Brussels sprouts‚Ä¶ https://t.co/cg52cU4qgq,,FALSE,Thu Sep 27 03:54:13 +0000 2018,2,1.04516E+18,pos
81,Twitter for iPhone,Wish list: Pac-Man made out of Rubik‚Äôs Cubes https://t.co/lhiZgwKYT4,,FALSE,Sun Apr 08 05:41:04 +0000 2018,15,9.82856E+17,pos
69,Twitter for iPhone,"Congratulations to @sony for joining the growing number of companies leading the way to a renewable energy future
https://t.co/GIyHMciSMq",,FALSE,Sun Sep 09 23:34:09 +0000 2018,16,1.03893E+18,pos
8,Twitter for iPhone,@DrForester https://t.co/u7ejNYt0bH,DrForester,FALSE,Sat Sep 01 05:05:57 +0000 2018,0,1.03576E+18,pos
0,Twitter for iPhone,@WereGeek @OfficialYonni @Yanni Fixed it t/y,WereGeek,FALSE,Wed May 16 22:10:11 +0000 2018,0,9.96875E+17,pos
2,Twitter for iPhone,@BoydRBurke I‚Äôll keep working to earn your support for November!,BoydRBurke,FALSE,Sat Jun 23 23:25:21 +0000 2018,0,1.01067E+18,pos
28,Twitter for iPhone,New tech like #blockchain can solve the bad option of either trusting government or trusting big corporations; we c‚Ä¶ https://t.co/VbiRDw6wIn,,FALSE,Fri Oct 12 22:40:28 +0000 2018,5,1.05088E+18,pos
10,Twitter for iPhone,Check out @ColoradoStateU new high tech relaxation pod at new health center. corner of Prospect Road and College Av‚Ä¶ https://t.co/5A5mPY60v1,,FALSE,Fri Jan 19 05:08:14 +0000 2018,2,9.54219E+17,pos
14,Twitter for iPhone,"Over 10,000,000 people work in clean energy! Let‚Äôs bring more good-paying green energy jobs to Colorado!
https://t.co/fY0d3ziZgd",,FALSE,Tue May 08 19:49:28 +0000 2018,5,9.93941E+17,pos
1,Twitter for iPhone,@ShannonDizmang https://t.co/wqqDTiHlFh,ShannonDizmang,FALSE,Wed Oct 17 01:58:08 +0000 2018,1,1.05238E+18,pos
1,Twitter for iPhone,@ColoradoHOA @Nar_olepsy @davidsirota @MikeJohnstonCO @CaryKennedy @LtGovofCO @NoelForColorado @BrownsteinHyatt Twitter.is.public.,ColoradoHOA,FALSE,Mon Nov 27 22:59:52 +0000 2017,1,9.35282E+17,pos
120,Twitter for iPhone,"Rejoice! There is a new Queen Arthur who has risen among us!
https://t.co/QpbDS9UhXy",,FALSE,Fri Oct 05 04:37:00 +0000 2018,18,1.04807E+18,pos
169,Twitter for iPhone,"If @JosephEStiglitz is so sure #bitcoin is a bubble, he should make a fortune shorting it. It's a matter for the ma‚Ä¶ https://t.co/NLgChhwBxt",,FALSE,Fri Dec 01 05:42:16 +0000 2017,53,9.3647E+17,pos
13,Twitter for iPhone,"@KyleClark Your tweet, sir. It‚Äôs vintage 2018, a fine year. https://t.co/RpxS1dWhWp",KyleClark,FALSE,Sat Aug 18 22:37:51 +0000 2018,0,1.03095E+18,pos
0,Twitter for iPhone,@WereGeek @PolisForCO Trying to build suspense!,WereGeek,FALSE,Tue Nov 14 20:37:29 +0000 2017,1,9.30535E+17,pos
3,Twitter for iPhone,@LaurenJGibbs @lagibbs84 Relish it! it‚Äôs not every day you get a Congressional compliment on an Olympic victory!,LaurenJGibbs,FALSE,Thu Mar 01 23:55:24 +0000 2018,1,9.6936E+17,pos
0,Twitter for iPhone,@AmyOliverShow @JonCaldara I haven't heard about any serious proposals to do that. I am skeptical of mandates like‚Ä¶ https://t.co/tdbyqBgkKo,AmyOliverShow,FALSE,Thu Dec 14 19:22:19 +0000 2017,1,9.41388E+17,pos
0,Twitter for iPhone,@benkutcher I took your response! Thank u! üôä,benkutcher,FALSE,Fri Mar 09 07:39:04 +0000 2018,1,9.72014E+17,pos
35,Twitter for iPhone,"üéÉ üëª 
https://t.co/nDXujNWxlh",,FALSE,Sat Oct 27 05:03:07 +0000 2018,8,1.05605E+18,pos
70,Twitter for iPhone,"Platypus milk (yes, they make milk) could save us from antibiotic-resistant bacteria 
https://t.co/fVhc8y0pWU",,FALSE,Fri Mar 16 04:04:24 +0000 2018,27,9.74497E+17,pos
0,Twitter for iPhone,@dreamris3r https://t.co/qkKlV9wra3,dreamris3r,FALSE,Tue Feb 20 05:07:04 +0000 2018,1,9.65815E+17,pos
124,Twitter for iPhone,"Today, Feb 5th, the Berlin Wall has now been down as long as it was up: 10,316 Days!",,FALSE,Tue Feb 06 02:54:56 +0000 2018,36,9.60708E+17,pos
0,Twitter for iPhone,@ZachPickerel I will be in DC but a representative of my office will attend,,FALSE,Tue Feb 27 17:28:08 +0000 2018,1,9.68538E+17,pos
2,Twitter for iPhone,@julynewmoon @philosophrob Flowers and electronic greeting cards!,julynewmoon,FALSE,Thu Feb 08 17:25:16 +0000 2018,1,9.61652E+17,pos
12,Twitter for iPhone,"Looks like the Neanderthals beat us in making art first:
https://t.co/Nl8HeffVJb",,FALSE,Sat Feb 24 06:02:19 +0000 2018,10,9.67278E+17,pos
102,Twitter for iPhone,I don‚Äôt care whether good ideas are from the left or the right: I just believe in the power of good ideas to make o‚Ä¶ https://t.co/VCZitCpVer,,FALSE,Thu Oct 25 00:24:52 +0000 2018,16,1.05525E+18,pos
15,Twitter for iPhone,"Pueblo City and County are embracing a renewable energy future and already seeing growth in green jobs
https://t.co/IAyEwsq9Zd",,FALSE,Tue May 08 01:16:16 +0000 2018,7,9.93661E+17,pos
87,Twitter for iPhone,"#TrumpTweetsWeVote 
https://t.co/eg56c87rnD",,FALSE,Wed Oct 10 16:23:57 +0000 2018,20,1.05006E+18,pos
1,Twitter for iPhone,"@Enjoneer01 @pebble107 I am not involved with the DCCC this cycle at all, as I am running for Governor. In prior el‚Ä¶ https://t.co/bTKxScTpes",Enjoneer01,FALSE,Wed Feb 28 16:50:16 +0000 2018,1,9.68891E+17,pos
3,Twitter for iPhone,"@jimhigdon No, he's magic",jimhigdon,FALSE,Sun Dec 24 21:32:32 +0000 2017,1,9.45045E+17,pos
2,Twitter for iPhone,"@Aberu I appriate your diligence/analysis, wish all voters did that! Healthcare is a big one for me and I‚Äôm not new‚Ä¶ https://t.co/vuYXiUJTGE",Aberu,FALSE,Mon Jun 11 20:34:22 +0000 2018,0,1.00627E+18,pos
421,Twitter for iPhone,"You can do it RBG! 90 is the new 70!
https://t.co/Mld2HHgEKw",,FALSE,Mon Jul 30 05:45:20 +0000 2018,47,1.02381E+18,pos
44,Twitter for iPhone,I won‚Äôt give up fighting for aspiring American #dreamers! I voted against short term funding bill that sets up a sh‚Ä¶ https://t.co/VtkkuJPg5H,,FALSE,Mon Jan 22 23:56:45 +0000 2018,10,9.5559E+17,pos
42,Twitter for iPhone,"Promising new tool: using DNA evidence to catch poachers, protect wildlife
https://t.co/wkHfNRdx3W",,FALSE,Sun Sep 23 23:34:46 +0000 2018,12,1.04401E+18,pos
14,Twitter for iPhone,"Very cool parallel to human domestication of dogs 
https://t.co/xn4wJEzlgV",,FALSE,Sun Oct 07 00:02:03 +0000 2018,7,1.04873E+18,pos
31,Twitter for iPhone,"It‚Äôs our last chance to choose information independence over special interests #NetNeutralityŸê
https://t.co/oVhfjS7avg",,FALSE,Sun Nov 26 22:54:47 +0000 2017,14,9.34918E+17,pos
49,Twitter for iPhone,A great first step towards ensuring that #colorado is at the center of the #blockchain economy https://t.co/ImJXYzkVmu,,FALSE,Sat Sep 22 17:31:57 +0000 2018,15,1.04355E+18,pos
14,Twitter for iPhone,"Ancient lizard discovered w 4 eyes! Some reptiles, lizards, fish today still have 3 (one for light sensitivity rela‚Ä¶ https://t.co/o25PondHxA",,FALSE,Wed Apr 11 02:53:00 +0000 2018,6,9.83901E+17,pos
28,Twitter for iPhone,New applications of geothermal energy storage from @NREL 1)Compressed Air/Heat to Store Energy in Depleted Gas Well‚Ä¶ https://t.co/txuuXRGNcE,,FALSE,Wed Oct 10 05:01:35 +0000 2018,5,1.04989E+18,pos
0,Twitter for iPhone,@lsuarez5280  https://t.co/IhT3aGNyDi,lsuarez5280,FALSE,Tue Jun 26 11:53:12 +0000 2018,0,1.01158E+18,pos
6,Twitter for iPhone,@crisantaduran Thank you for your service and amazing work for all of us!,crisantaduran,FALSE,Fri May 11 05:36:02 +0000 2018,1,9.94813E+17,pos
22,Twitter for iPhone,"The arts invigorate communities and create jobs; great to hear about exciting projects in Trinidad and Mancos!
https://t.co/NceTVqb06K",,FALSE,Sun Dec 31 06:23:59 +0000 2017,4,9.47353E+17,pos
95,Twitter for iPhone,It‚Äôs going to be a long day... so you might as well vote Colorado! #SummerSolstice,,FALSE,Thu Jun 21 12:44:35 +0000 2018,15,1.00978E+18,pos
419,Twitter for iPhone,"While I don‚Äôt agree with John McCain on every issue, he is a proud and principled patriot and true American hero. I‚Ä¶ https://t.co/xX5QPj9mKo",,FALSE,Sat Aug 25 02:11:52 +0000 2018,43,1.03318E+18,pos
0,Twitter for iPhone,"@AKlineinCO I mostly retweet things I've read, if you want to see my official tweets follow @RepJaredPolis there wo‚Ä¶ https://t.co/XHOmcHYlxc",AKlineinCO,FALSE,Sun Dec 24 07:11:53 +0000 2017,1,9.44828E+17,pos
67,Twitter for iPhone,Having lunch today at #BruesAlehouse in Pueblo where I first declared my candidacy for Governor on reddit!‚Ä¶ https://t.co/EleTwtWFhn,,FALSE,Sat Aug 25 18:13:18 +0000 2018,4,1.03342E+18,pos
111,Twitter for iPhone,"I‚Äôve known Phil Weiser for many years and he will make a terrific Attorney General. To protect our rights, vote Phi‚Ä¶ https://t.co/2OVX6XV3Fn",,FALSE,Fri Nov 02 18:27:18 +0000 2018,26,1.05843E+18,pos
0,Twitter for iPhone,@whitedarrenj https://t.co/5nrDNw8BPf,whitedarrenj,FALSE,Sat Jun 30 22:49:45 +0000 2018,0,1.01319E+18,pos
8,Twitter for iPhone,"If u missed the last few days/are trying to figure out what's going on in Zimbabwe, here's a good article:
https://t.co/1HhrbBuCMq",,FALSE,Mon Nov 20 06:07:22 +0000 2017,4,9.32491E+17,pos
2,Twitter for iPhone,"@mustang_ali2 @la2jbay @CPBacon4CO @RepJaredPolis @PolisForCO I‚Äôm in Western Colorado now, our very first field off‚Ä¶ https://t.co/LNPnVigGx4",mustang_ali2,FALSE,Sat Aug 11 16:05:18 +0000 2018,0,1.02831E+18,pos
82,Twitter for iPhone,May their memories be forever blessed https://t.co/2V82EY19ro,,FALSE,Sun Oct 28 19:59:05 +0000 2018,18,1.05664E+18,pos
33,Twitter for iPhone,"Does it say more about an era with a smaller ideological divide between parties, or about the remarkable Earl Warre‚Ä¶ https://t.co/FFpqZuMhZh",,FALSE,Sun Jun 10 05:07:31 +0000 2018,5,1.00568E+18,pos
1,Twitter for iPhone,@rhowenstarborn ‚ò∫Ô∏è,rhowenstarborn,FALSE,Thu Feb 15 03:32:34 +0000 2018,1,9.63979E+17,pos
64,Twitter for iPhone,"Weak countries have massive military parades to show off. USA has strongest/best military in the world,  but if we‚Ä¶ https://t.co/hkd0gIfHuV",,FALSE,Wed Feb 07 05:57:32 +0000 2018,18,9.61117E+17,pos
224,Twitter for iPhone,"We won!!
https://t.co/yCdZ1Mi0bu",,FALSE,Wed Oct 03 05:10:43 +0000 2018,23,1.04735E+18,pos
0,Twitter for iPhone,@briantcairns Sounds like you might want to follow my political account @PolisForCO or my official one‚Ä¶ https://t.co/tyIUKLxE7O,briantcairns,FALSE,Sat Apr 07 05:50:49 +0000 2018,0,9.82496E+17,pos
26,Twitter for iPhone,"Climate change is too important to just be an issue for progressives to work on, glad to see @RSI bringing conserva‚Ä¶ https://t.co/yhLNrOgE6D",,FALSE,Tue Apr 24 16:27:38 +0000 2018,13,9.88817E+17,pos
16,Twitter for iPhone,@jennaatkinson And Gia! https://t.co/EnE2eb9JC3,jennaatkinson,FALSE,Sun Nov 04 03:04:54 +0000 2018,2,1.05892E+18,pos
0,Twitter for iPhone,@JoeStGeorge No.,JoeStGeorge,FALSE,Sat Dec 02 06:31:09 +0000 2017,1,9.36845E+17,pos
8,Twitter for iPhone,"New horror movie? 
... Actually just a sensational headline for a scientific study
https://t.co/NZSIjlsg0n",,FALSE,Tue May 15 02:38:15 +0000 2018,2,9.96218E+17,pos
9,Twitter for iPhone,"Great advice from @Pontifex regardless of your faith! ""we lift up our hearts... not we lift up our phones""
https://t.co/2mcEL04ndJ",,FALSE,Wed Nov 08 18:01:03 +0000 2017,0,9.28321E+17,pos
167,Twitter for iPhone,"I‚Äôm so excited!!
https://t.co/GQc7j99jlg",,FALSE,Sat Aug 04 22:00:28 +0000 2018,20,1.02586E+18,pos
1,Twitter for iPhone,@DamonJay_OWTF For sure!!!!,DamonJay_OWTF,FALSE,Tue Sep 18 04:18:17 +0000 2018,0,1.0419E+18,pos
7,Twitter for iPhone,Patriot Boot Camp And Founder Institute Join Forces To Give Veterans More Entrepreneurial Training via @forbes https://t.co/3L4EsOEoPN,,FALSE,Thu Sep 27 22:08:48 +0000 2018,2,1.04544E+18,pos
0,Twitter for iPhone,@DamonJay_OWTF https://t.co/Uk83BlIxov,DamonJay_OWTF,FALSE,Tue Sep 18 04:43:56 +0000 2018,0,1.04191E+18,pos
94,Twitter for iPhone,"Congratulations to Australia for voting to allow ppl to marry the person they love! #LoveWins 
https://t.co/okbZ9ICArc",,FALSE,Wed Nov 15 00:02:32 +0000 2017,11,9.30587E+17,pos
86,Twitter for iPhone,"Open access journals in academia further human knowledge and science, save institutions and students money... here‚Äô‚Ä¶ https://t.co/yJgPt0j2ke",,FALSE,Sat Jul 07 18:28:14 +0000 2018,33,1.01566E+18,pos
34,Twitter for iPhone,"Progress!
https://t.co/hjjiBaqtaD",,FALSE,Thu Mar 22 06:06:20 +0000 2018,6,9.76702E+17,pos
46,Twitter for iPhone,"Don‚Äôt be afraid to talk to someone new, it may go better than you think!
https://t.co/RrU1aBFM0v",,FALSE,Mon Oct 22 04:21:44 +0000 2018,9,1.05423E+18,pos
8,Twitter for iPhone,"@AaronBrockett12 @DaveKrieger I agree that he shouldn‚Äôt have been fired for that, he deserves his say",AaronBrockett12,FALSE,Thu Apr 26 02:20:24 +0000 2018,1,9.89328E+17,pos
0,Twitter for iPhone,@KonasMama @missLtoe Done! And thank you!,KonasMama,FALSE,Fri Jun 08 23:21:36 +0000 2018,0,1.00523E+18,pos
3,Twitter for iPhone,@tdw2play https://t.co/PpunkH5Kxm,tdw2play,FALSE,Sat Aug 25 22:38:13 +0000 2018,0,1.03348E+18,pos
0,Twitter for iPhone,"@bradrjones These are not recommendations for government, they are a best practice for clinics and hospitals",bradrjones,FALSE,Fri Aug 17 06:04:07 +0000 2018,0,1.03033E+18,pos
71,Twitter for iPhone,"New study finds that cannabis can reduce opioid use for elderly
 https://t.co/g8lq6CNWjo",,FALSE,Mon Feb 12 03:48:18 +0000 2018,25,9.62896E+17,pos
54,Twitter for iPhone,"Nom nom
üêõ üåè üëç
https://t.co/4Eq0MzrBXX",,FALSE,Fri Oct 19 20:11:30 +0000 2018,11,1.05338E+18,pos
37,Twitter for iPhone,Merry Christmas! https://t.co/AsS7NltpHp,,FALSE,Sun Dec 24 19:38:27 +0000 2017,8,9.45016E+17,pos
30,Twitter for iPhone,"Protecting Camp Hale and honoring a key Colorado contribution to victory in WWII, and the birthplace of the modern‚Ä¶ https://t.co/RkF9LV5sQF",,FALSE,Fri Aug 10 03:48:43 +0000 2018,6,1.02776E+18,pos
12,Twitter for iPhone,@davidsirota @MikeJohnstonCO @CaryKennedy @LtGovofCO @NoelForColorado @BrownsteinHyatt I'd be happy to opine- I thi‚Ä¶ https://t.co/wLErXkuBOK,davidsirota,FALSE,Mon Nov 27 18:44:47 +0000 2017,6,9.35218E+17,pos
280,Twitter for iPhone,"‚ÄúIt would not be much of a universe if it wasn't home to the people you love.‚Äù
Stephen Hawking, 1942-2018
Thank you‚Ä¶ https://t.co/DDe4vgxYIN",,FALSE,Wed Mar 14 04:19:05 +0000 2018,88,9.73775E+17,pos
33,Twitter for iPhone,Thank you @SierraClub I look forward to working together to build a sustainable future! https://t.co/Ju3LOTIYSb,,FALSE,Thu Apr 19 21:10:55 +0000 2018,7,9.87076E+17,pos
0,Twitter for iPhone,"@AmyOliverShow Also entirely correct, nowhere in it does it talk about a Renewable Energy Portfolio Standard, a too‚Ä¶ https://t.co/qjdezoqgeF",AmyOliverShow,FALSE,Thu Dec 14 19:39:25 +0000 2017,1,9.41392E+17,pos
48,Twitter for iPhone,Wind energy continues to get less expensive! New report shows decrease in cost from 7 cents per kilowatt-hour in 20‚Ä¶ https://t.co/Cup7DQAgSK,,FALSE,Wed Aug 29 20:34:19 +0000 2018,11,1.0349E+18,pos
8,Twitter for iPhone,@MichaelWLau @purpledinocast @Rockies I wanted to be the first to call it https://t.co/RBDHOP651B,MichaelWLau,FALSE,Thu Sep 27 04:41:45 +0000 2018,1,1.04517E+18,pos
17,Twitter for iPhone,"If platypus milk doesn‚Äôt work, soil-dwelling worms might be humanity‚Äôs key to save lives and fight antibiotic-resis‚Ä¶ https://t.co/GUZCAnyInt",,FALSE,Sun Apr 08 02:19:30 +0000 2018,5,9.82805E+17,pos
19,Twitter for iPhone,Excited for the @Rockies home opener today!! ‚öæÔ∏è GO ROCKIES!,,FALSE,Fri Apr 06 06:36:00 +0000 2018,4,9.82145E+17,pos
22,Twitter for iPhone,I don‚Äôt think this study gets it right; you MUST be optimistic to be a #startup entrepreneur. Entrepreneurship self‚Ä¶ https://t.co/iaGih3BvQG,,FALSE,Thu Oct 04 04:39:25 +0000 2018,5,1.04771E+18,pos
161,Twitter for iPhone,Very serious words from a very serious source https://t.co/RKb3iIMz4A,,FALSE,Mon Jul 16 16:51:24 +0000 2018,38,1.0189E+18,pos
31,Twitter for iPhone,"The only likely immortal animal is Turritopsis dohrnii, the ‚Äúimmortal jellyfish.‚Äù After it achieves maturity, it ca‚Ä¶ https://t.co/WA8VddmT2L",,FALSE,Mon Sep 24 05:14:57 +0000 2018,9,1.04409E+18,pos
1,Twitter for iPhone,"@hmajerik @datingdad My focus is uniting people, whether as a charter member of the Problem Solvers Caucus or as th‚Ä¶ https://t.co/s9Rb0CHDOg",hmajerik,FALSE,Thu Sep 27 17:25:47 +0000 2018,0,1.04536E+18,pos
61,Twitter for iPhone,"Let‚Äôs make Colorado a great place for people AND for animals!
https://t.co/0RpPvHtaYD",,FALSE,Fri Oct 26 15:28:44 +0000 2018,7,1.05584E+18,pos
31,Twitter for iPhone,"Thank you @CSGazette EDITORIAL for thinking this through ‚ÄúWe were wrong on Colorado Amendment 74‚Äù""
https://t.co/EQAfuVsPNd",,FALSE,Sat Oct 13 05:02:44 +0000 2018,6,1.05098E+18,pos
0,Twitter for iPhone,"@i2idotorg @MikeJohnstonCO To be clear, I have not proposed moving the Renewable Energy Portfolio Standard (RPS) fr‚Ä¶ https://t.co/578yrvLiu0",i2idotorg,FALSE,Thu Dec 14 17:38:46 +0000 2017,1,9.41362E+17,pos
0,Twitter for iPhone,@MediaHudson And is there anything you actually oppose on our energy plan? Is so would love your suggestions for im‚Ä¶ https://t.co/aNoHKYu9zU,MediaHudson,FALSE,Sun Jan 14 03:07:10 +0000 2018,1,9.52377E+17,pos
12,Twitter for iPhone,"Proud to join @RepMikeCoffman to make the bipartisan case about the fight for Venezuela‚Äôs future
https://t.co/aMhGVMmbd2",,FALSE,Tue Nov 07 02:59:17 +0000 2017,3,9.27732E+17,pos
1,Twitter for iPhone,@AuroraActivist Neighborhood Meet and greets in Denver and Wheat Ridge this afternoon,AuroraActivist,FALSE,Sun Nov 12 20:28:19 +0000 2017,1,9.29808E+17,pos
10,Twitter for iPhone,"But how does it taste? üçÖ
https://t.co/nJwoYZ2Sns",,FALSE,Wed Apr 18 05:01:44 +0000 2018,3,9.8647E+17,pos
19,Twitter for iPhone,"@KyleClark of course I‚Äôm willing to debate. We asked you to find a date that I‚Äôm not voting in Congress, if I misse‚Ä¶ https://t.co/ZhhAZEL3OE",KyleClark,FALSE,Thu Apr 05 03:42:11 +0000 2018,6,9.81739E+17,pos
0,Twitter for iPhone,@Rossputin @lynn_bartels @billritterjr Proverbs 29:4-5,Rossputin,FALSE,Mon Nov 27 22:35:47 +0000 2017,1,9.35276E+17,pos
669,Twitter for iPhone,https://t.co/h8TjYHIK2w,,FALSE,Tue Mar 13 03:32:02 +0000 2018,313,9.73401E+17,pos
33,Twitter for iPhone,"You know you‚Äôre living in the 21st century when you get a ‚ÄúDNA sale‚Äù in your inbox! Call me old fashioned, but I‚Äôm‚Ä¶ https://t.co/0itsh32nMQ",,FALSE,Wed May 09 20:21:45 +0000 2018,4,9.94311E+17,pos
13,Twitter for iPhone,"Examples of successful crowdfunded ideas for renewable energy:
https://t.co/9Ija6j8JaE",,FALSE,Fri Oct 12 05:46:15 +0000 2018,0,1.05062E+18,pos
37,Twitter for iPhone,"#macron said ‚ÄúFreedom is never more than one generation away from extinction,"" but the good news for Venezuela, Nor‚Ä¶ https://t.co/uaegG0M8BQ",,FALSE,Thu Apr 26 02:44:38 +0000 2018,7,9.89334E+17,pos
10,Twitter for iPhone,Dreams of alchemists of yore coming true: Bacteria C. metallidurans basically poo out gold nuggets; more environmen‚Ä¶ https://t.co/RIG43hR9hP,,FALSE,Sat Feb 03 02:42:56 +0000 2018,4,9.59618E+17,pos
55,Twitter for iPhone,Enjoying Pho in Aurora! https://t.co/chYMPTOzrt,,FALSE,Sat Nov 18 19:59:36 +0000 2017,4,9.31975E+17,pos
27,Twitter for iPhone,"Encouraging study out of @CUBoulder 
https://t.co/O61XKkuEnJ",,FALSE,Mon Apr 23 05:56:22 +0000 2018,6,9.88295E+17,pos
0,Twitter for iPhone,@EllenMignone You might want to follow my official account @RepJaredPolis or my campaign account @PolisForCO this one is my personal account,EllenMignone,FALSE,Tue Jun 19 16:28:29 +0000 2018,0,1.00911E+18,pos
1,Twitter for iPhone,@CentristDan How could you take me tweeting an interesting article about an experiment in Scotland to be a policy proposal for Colorado?,CentristDan,FALSE,Thu Dec 28 08:09:01 +0000 2017,1,9.46292E+17,pos
145,Twitter for iPhone,Major bank study validates that unneeded use of antibiotics in healthy farmed animals is causing a deadly human hea‚Ä¶ https://t.co/5Ku7a9yDhA,,FALSE,Thu Oct 11 04:45:11 +0000 2018,51,1.05025E+18,pos
0,Twitter for iPhone,@MadBerenson What would you like to hear? I support moving forward with impeachment hearings and have voted to do so,MadBerenson,FALSE,Tue Jul 17 14:57:32 +0000 2018,0,1.01923E+18,pos
1,Twitter for iPhone,"@MediaHudson I love cheap green energy! Did you see the Xcel RFP responses:
https://t.co/VNv8v3st0U",MediaHudson,FALSE,Sun Jan 14 03:05:06 +0000 2018,1,9.52376E+17,pos
128,Twitter for iPhone,One of the best parts about campaigning for Governor is sampling the pho across CO! Today at Top Pho 11697 E Colfax‚Ä¶ https://t.co/rIAY0qTh8L,,FALSE,Sun Feb 25 20:18:24 +0000 2018,10,9.67856E+17,pos
221,Twitter for iPhone,ALABAMA!!!!!,,FALSE,Wed Dec 13 03:42:52 +0000 2017,22,9.40789E+17,pos
22,Twitter for iPhone,Unnecessary use of antibiotics contributes to higher costs and development of deadly anti-biotic resistant bacteria‚Ä¶ https://t.co/awknTXQXtA,,FALSE,Fri Aug 17 05:31:59 +0000 2018,8,1.03033E+18,pos
24,Twitter for iPhone,https://t.co/Pqr4eJO0AF,,FALSE,Mon May 14 05:51:12 +0000 2018,7,9.95904E+17,pos
3,Twitter for iPhone,@ariarmstrong What would be a better word to use? I do think that it‚Äôs an easy case to make that it is ‚Äújust‚Äù or ‚Äúh‚Ä¶ https://t.co/rDIoVReWuP,ariarmstrong,FALSE,Wed Jul 04 05:06:56 +0000 2018,1,1.01437E+18,pos
2,Twitter for iPhone,"@LisaM3732 @Brandonbowser45 @PolisForCO Happy to chat with anyone, pm me your number",LisaM3732,FALSE,Mon Oct 22 04:10:02 +0000 2018,0,1.05422E+18,pos
9,Twitter for iPhone,"Saving trees, convenience for retirees! (Isn't that the bee's knees!)
https://t.co/1Q3DVt8pX9",,FALSE,Thu Dec 14 20:48:55 +0000 2017,1,9.4141E+17,pos
12,Twitter for iPhone,"I‚Äôm not a coffee drinker, am a  (iced, green, unsweetened) tea drinker. Glad to learn that despite the rumors, tea‚Ä¶ https://t.co/37yx4ddGOx",,FALSE,Wed Apr 18 16:40:00 +0000 2018,3,9.86646E+17,pos
38,Twitter for iPhone,"Beer may have come before bread
https://t.co/TmC2JjutNl",,FALSE,Thu Sep 13 04:31:42 +0000 2018,9,1.0401E+18,pos
210,Twitter for iPhone,"Despite the Trump administration‚Äôs attacks on #LGBTQ Americans, we will keep fighting at every level to build a sta‚Ä¶ https://t.co/w9zRVUXVkv",,FALSE,Mon Oct 22 00:16:03 +0000 2018,67,1.05416E+18,pos
39,Twitter for iPhone,"Great news for diseases and viruses!
https://t.co/0JIkLRmS3D",,FALSE,Sat Dec 16 02:19:35 +0000 2017,17,9.41855E+17,pos
1,Twitter for iPhone,@ColoradoHOA There are always those that defy the odds! Mine too https://t.co/UlTZRmRANU,ColoradoHOA,FALSE,Wed May 16 13:04:19 +0000 2018,0,9.96738E+17,pos
107,Twitter for iPhone,No parent should ever have to explain this to their children. Marlon and I are sending thoughts to you‚Ä¶ https://t.co/vpX9XVeDRZ,,FALSE,Sat Jun 09 21:44:43 +0000 2018,34,1.00557E+18,pos
3,Twitter for iPhone,"@sljks @WalkerStapleton Also I will protect our great outdoors: hiking, fishing, hunting, biking and more!",sljks,FALSE,Mon Oct 29 04:27:46 +0000 2018,0,1.05676E+18,pos
1,Twitter for iPhone,"@WereGeek @Yair_Rosenberg 
https://t.co/hjaxKmoW9R",WereGeek,FALSE,Sun Apr 08 18:55:34 +0000 2018,0,9.83056E+17,pos
1,Twitter for iPhone,"@TheRebelephant Venezuela:
https://t.co/0q27Wfu4nt",theJesseDean,FALSE,Tue Dec 19 15:53:35 +0000 2017,1,9.43147E+17,pos
20,Twitter for iPhone,"I want to soak in a hot spring every day when I‚Äôm 112 years old, too!
https://t.co/k0KSqdfz3L",,FALSE,Wed Apr 11 03:28:07 +0000 2018,4,9.8391E+17,pos
1,Twitter for iPhone,@AndyRose12  https://t.co/7ArT1ZNubc,AndyRose12,FALSE,Wed Feb 07 05:13:05 +0000 2018,1,9.61106E+17,pos
69,Twitter for iPhone,"Congrats to @ColoradoOcean for years of working towards reducing the use of plastic straws locally, and now to‚Ä¶ https://t.co/Aoe6ZAU1AX",,FALSE,Wed Jul 11 04:46:22 +0000 2018,10,1.01691E+18,pos
1,Twitter for iPhone,"@squashstreet @CaryKennedy @MikeJohnstonCO From my social justice plan:
‚ÄúI will end our investment in private priso‚Ä¶ https://t.co/QwTIUJWh1h",squashstreet,FALSE,Thu Jun 14 17:22:41 +0000 2018,0,1.00731E+18,pos
10,Twitter for iPhone,ü§î https://t.co/iXHoRjfio5,,FALSE,Fri Jan 19 18:47:52 +0000 2018,0,9.54425E+17,pos
0,Twitter for iPhone,@Kurt4Skers @PolisForCO A happy new year to EVERY Coloradan regardless of their ideology!,GoSkers2018,FALSE,Wed Dec 27 20:43:16 +0000 2017,1,9.46119E+17,pos
2,Twitter for iPhone,@BamesJurky https://t.co/l2GFq9tNIF,BamesJurky,FALSE,Mon Nov 20 06:22:50 +0000 2017,1,9.32494E+17,pos
75,Twitter for iPhone,Congratulations to Carlos Alvarado Quesada for winning the Presidency of Costa Rica on strong platform of human rig‚Ä¶ https://t.co/KSztIuhK57,,FALSE,Tue Apr 03 03:47:06 +0000 2018,13,9.81015E+17,pos
2,Twitter for iPhone,@AnnaStaver Secret ballot! üò∂,AnnaStaver,FALSE,Sat Sep 01 00:01:18 +0000 2018,1,1.03568E+18,pos
3,Twitter for iPhone,@squashstreet @Joe4COAG @BernardDouthit @Vote4Levi @JenaGriswold @CaryKennedy Let me know if you have any questions‚Ä¶ https://t.co/pFPoEWFa8c,squashstreet,FALSE,Sat Jun 09 17:33:34 +0000 2018,0,1.0055E+18,pos
0,Twitter for iPhone,@CrestonePeak @MichaelCLFields https://t.co/4mq1KiEpwp,CrestonePeak,FALSE,Thu Aug 02 05:51:04 +0000 2018,0,1.0249E+18,pos
60,Twitter for iPhone,"Legal #marijuana sales start Wednesday in Canada. Congrats Canada!
https://t.co/jwsKeAo92r",,FALSE,Wed Oct 17 05:18:35 +0000 2018,10,1.05243E+18,pos
0,Twitter for iPhone,@briantcairns @PolisForCO @RepJaredPolis I have tweeted on single payer health care! Not so much imperialism or oligarchy tho,briantcairns,FALSE,Sat Apr 07 05:56:39 +0000 2018,0,9.82497E+17,pos
0,Twitter for iPhone,@rubyshooz8 @PolisForCO @POTUS https://t.co/upY2IFSFJj,rubyshooz8,FALSE,Wed Sep 12 22:18:37 +0000 2018,0,1.04E+18,pos
1,Twitter for iPhone,@RobertWestpha20 https://t.co/nvrZo2k9CY,RobertWestpha20,FALSE,Mon Sep 24 18:18:19 +0000 2018,0,1.04429E+18,pos
40,Twitter for iPhone,"The @US_FDA should get out of the way of technologies for harm reduction that improve health, help ppl quit https://t.co/CPKGqXw8Xp",,FALSE,Mon Oct 08 13:26:47 +0000 2018,18,1.04929E+18,pos
25,Twitter for iPhone,Who knew? Our little 9-year old terrier mix definitely dreams (growling at squirrels in her sleep) and now we know‚Ä¶ https://t.co/vpkeRSTqKP,,FALSE,Thu Oct 11 19:16:51 +0000 2018,2,1.05047E+18,pos
59,Twitter for iPhone,A promising new tecnique to defeat costly and deadly antibiotic-resistant bacteria by inhibiting a key enzyme in th‚Ä¶ https://t.co/6CJPH3W5Fw,,FALSE,Tue Sep 18 05:02:22 +0000 2018,18,1.04192E+18,pos
1,Twitter for iPhone,@_aviselan Thank you for letting me know I will pass along to our campaign staff,_aviselan,FALSE,Mon Jul 02 21:50:07 +0000 2018,0,1.0139E+18,pos
22,Twitter for iPhone,"There is nothing ‚Äúgreat‚Äù about not recycling plastic waste 
https://t.co/tDnJlw8Qe6",,FALSE,Fri Mar 23 05:02:15 +0000 2018,10,9.77048E+17,pos
0,Twitter for iPhone,@AmyOliverShow It is one of the great ideas to help get us there!,AmyOliverShow,FALSE,Thu Dec 14 18:29:09 +0000 2017,1,9.41375E+17,pos
22,Twitter for iPhone,"Trial of Universal Basic Income (UBI) to take place in Scotland
https://t.co/s0WvhP758l",,FALSE,Wed Dec 27 20:31:37 +0000 2017,16,9.46116E+17,pos